(10aS)-10,10a-Dihydrophenazine-1-carboxylate	C1=CC=C2C(=C1)NC3C(=N2)C=CC=C3C(=O)[O-]
(15S)-15-Hydroxy-5,8,11-cis-13-trans-eicosatetraenoate	CCCCCC(C=CC=CCC=CCC=CCCCC(=O)O)O
(1R)-1,4,5,10-Tetrahydrophenazine-1-carboxylate	C1C=CC(C2=C1NC3=CC=CC=C3N2)C(=O)[O-]
(1R)-Glutathionyl-(2R)-hydroxy-1,2-dihydronaphthalene	C1=CC=C2C(C(C=CC2=C1)O)SCC(C(=O)NCC(=O)O)NC(=O)CCC(C(=O)O)N
(1R)-Hydroxy-(2R)-glutathionyl-1,2-dihydronaphthalene	C1=CC=C2C(C(C=CC2=C1)SCC(C(=O)NCC(=O)O)NC(=O)CCC(C(=O)O)N)O
(1R,10aS)-1,4,10,10a-Tetrahydrophenazine-1-carboxylate	C1C=CC(C2C1=NC3=CC=CC=C3N2)C(=O)[O-]
(1R,2S)-Naphthalene 1,2-oxide	C1=CC=C2C3C(O3)C=CC2=C1
(1R,6R)-1,4,5,5a,6,9-Hexahydrophenazine-1,6-dicarboxylate	C1C=CC(C2C1=NC3=C(N2)CC=CC3C(=O)[O-])C(=O)[O-]
(1S)-Hydroxy-(2S)-glutathionyl-1,2-dihydronaphthalene	C1=CC=C2C(C(C=CC2=C1)SCC(C(=O)NCC(=O)O)NC(=O)CCC(C(=O)O)N)O
(1S,2R)-Naphthalene 1,2-oxide	C1=CC=C2C3C(O3)C=CC2=C1
(2E)-5-Methylhexa-2,4-dienoyl-CoA	CC(=CC=CC(=O)SCCNC(=O)CCNC(=O)C(C(C)(C)COP(=O)(O)OP(=O)(O)OCC1C(C(C(O1)N2C=NC3=C(N=CN=C32)N)O)OP(=O)(O)O)O)C
(2E)-Octadecenoyl-[acp]	
(2R)-2-Hydroxy-2-methylbutanenitrile	CCC(C)(C#N)O
(2R)-3-Sulfolactate	C(C(C(=O)O)O)S(=O)(=O)O
(2R,3S)-2-Alkyl-3-hydroxyalkanoate	
(2R,3S)-3-Isopropylmalate	CC(C)C(C(C(=O)[O-])O)C(=O)[O-]
(2S)-2-Isopropyl-3-oxosuccinate	CC(C)C(C(=O)C(=O)O)C(=O)O
(2S,3R)-3-Hydroxybutane-1,2,3-tricarboxylate	CC(C(CC(=O)[O-])C(=O)[O-])(C(=O)[O-])O
(2S,3S)-3-Hydroxy-2-methylbutanoyl-CoA	CC(C(C)O)C(=O)SCCNC(=O)CCNC(=O)C(C(C)(C)COP(=O)(O)OP(=O)(O)OCC1C(C(C(O1)N2C=NC3=C(N=CN=C32)N)O)OP(=O)(O)O)O
(2S,3S)-3-Methylphenylalanine	CC(C1=CC=CC=C1)C(C(=O)O)N
(2S,4S)-4-Hydroxy-2,3,4,5-tetrahydrodipicolinate	C1C(CC(=NC1C(=O)[O-])C(=O)[O-])O
(3R)-3-Hydroxyacyl-CoA	
(3R)-3-Hydroxyacyl-[acyl-carrier protein]	
(3R)-3-Hydroxybutanoyl-[acyl-carrier protein]	
(3R)-3-Hydroxydecanoyl-[acyl-carrier protein]	
(3R)-3-Hydroxyoctanoyl-[acyl-carrier protein]	
(3R)-3-Hydroxypalmitoyl-[acyl-carrier protein]	
(3R)-3-Hydroxytetradecanoyl-[acyl-carrier protein]	
(3R)-3-Isopropenyl-6-oxoheptanoate	CC(=C)C(CCC(=O)C)CC(=O)[O-]
(3S)-2-Oxo-3-phenylbutanoate	CC(C1=CC=CC=C1)C(=O)C(=O)[O-]
(3S)-3-Hydroxyacyl-CoA	CC(CC(=O)SCCNC(=O)CCNC(=O)C(C(C)(C)COP(=O)(O)OP(=O)(O)OCC1C(C(C(O1)N2C=NC3=C(N=CN=C32)N)O)OP(=O)(O)O)O)O
(3S)-3-Hydroxyadipyl-CoA	CC(C)(COP(=O)(O)OP(=O)(O)OCC1C(C(C(O1)N2C=NC3=C(N=CN=C32)N)O)OP(=O)(O)O)C(C(=O)NCCC(=O)NCCSC(=O)CC(CCC(=O)O)O)O
(3S)-3-Isopropenyl-6-oxoheptanoate	CC(=C)C(CCC(=O)C)CC(=O)[O-]
(4R)-4-Hydroxy-2-oxoglutarate	C(C(C(=O)[O-])O)C(=O)C(=O)[O-]
(4R)-7-Hydroxy-4-isopropenyl-7-methyl-2-oxo-oxepanone	CC(=C)C1CCC(OC(=O)C1)(C)O
(4R,5S)-4,5,6-Trihydroxy-2,3-dioxohexanoate	C(C(C(C(=O)C(=O)C(=O)[O-])O)O)O
(4S)-4-Hydroxy-2-oxoglutarate	C(C(C(=O)[O-])O)C(=O)C(=O)[O-]
(4S)-7-Hydroxy-4-isopropenyl-7-methyl-2-oxo-oxepanone	CC(=C)C1CCC(OC(=O)C1)(C)O
(5aS)-5,5a-Dihydrophenazine-1,6-dicarboxylate	C1=CC2=NC3=C(C=CC=C3NC2C(=C1)C(=O)[O-])C(=O)[O-]
(6R)-10-Formyltetrahydropteroyldiglutamate	C1C(NC2=C(N1)N=C(NC2=O)N)CN(C=O)C3=CC=C(C=C3)C(=O)NC(CCC(=O)NC(CCC(=O)O)C(=O)O)C(=O)O
(6R)-6beta-Hydroxy-1,4,5,6-tetrahydronicotinamide-adenine dinucleotide	C1CC(=CN(C1O)C2C(C(C(O2)COP(=O)(O)OP(=O)(O)OCC3C(C(C(O3)N4C=NC5=C(N=CN=C54)N)O)O)O)O)C(=O)N
(6R)-6beta-Hydroxy-1,4,5,6-tetrahydronicotinamide-adenine dinucleotide phosphate	C1CC(=CN(C1O)C2C(C(C(O2)COP(=O)(O)OP(=O)(O)OCC3C(C(C(O3)N4C=NC5=C(N=CN=C54)N)OP(=O)(O)O)O)O)O)C(=O)N
(6S)-6beta-Hydroxy-1,4,5,6-tetrahydronicotinamide-adenine dinucleotide	C1CC(=CN(C1O)C2C(C(C(O2)COP(=O)(O)OP(=O)(O)OCC3C(C(C(O3)N4C=NC5=C(N=CN=C54)N)O)O)O)O)C(=O)N
(6S)-6beta-Hydroxy-1,4,5,6-tetrahydronicotinamide-adenine dinucleotide phosphate	C1CC(=CN(C1O)C2C(C(C(O2)COP(=O)(O)OP(=O)(O)OCC3C(C(C(O3)N4C=NC5=C(N=CN=C54)N)OP(=O)(O)O)O)O)O)C(=O)N
(9Z)-Hexadec-9-enoyl-KDO2-lipid IV(A)	CCCCCCCCCCCC(CC(=O)NC1C(C(C(OC1OP(=O)(O)O)COC2C(C(C(C(O2)COC3(CC(C(C(O3)C(CO)O)O)OC4(CC(C(C(O4)C(CO)O)O)O)C(=O)O)C(=O)O)OP(=O)(O)O)OC(=O)CC(CCCCCCCCCCC)O)NC(=O)CC(CCCCCCCCCCC)OC(=O)CCCCCCCC=CCCCCCC)O)OC(=O)CC(CCCCCCCCCCC)O)O
(9Z,15Z)-(13S)-12,13-Epoxyoctadeca-9,11,15-trienoic acid	CCC=CCC1C(=CC=CCCCCCCCC(=O)O)O1
(R)(-)-Allantoin	C1(C(=O)NC(=O)N1)NC(=O)N
(R)-2,3-Dihydroxy-3-methylbutanoate	CC(C)(C(C(=O)[O-])O)O
(R)-2,3-Dihydroxy-3-methylpentanoate	CCC(C)(C(C(=O)O)O)O
(R)-2-Alkyl-3-oxoalkanoate	
(R)-2-Hydroxyglutarate	C(CC(=O)O)C(C(=O)O)O
(R)-3-Hydroxy-3-methyl-2-oxopentanoate	CCC(C)(C(=O)C(=O)[O-])O
(R)-3-Hydroxydodecanoyl-[acp]	
(R)-3-Hydroxyhexanoyl-[acp]	
(R)-3-Hydroxyoctadecanoyl-[acp]	
(R)-4\'-Phosphopantothenoyl-L-cysteine	
(R)-Lactate	CC(C(=O)O)O
(R)-Pantoate	CC(C)(CO)C(C(=O)[O-])O
(R)-S-Lactoylglutathione	CC(C(=O)SCC(C(=O)NCC(=O)O)NC(=O)CCC(C(=O)O)N)O
(S)-1-Pyrroline-5-carboxylate	C1CC(N=C1)C(=O)O
(S)-2-Aceto-2-hydroxybutanoate	CCC(C(=O)C)(C(=O)O)O
(S)-2-Acetolactate	CC(=O)C(C)(C(=O)O)O
(S)-2-Aminobutanoate	CCC(C(=O)O)N
(S)-3-Hydroxybutanoyl-CoA	CC(CC(=O)SCCNC(=O)CCNC(=O)C(C(C)(C)COP(=O)(O)OP(=O)(O)OCC1C(C(C(O1)N2C=NC3=C(N=CN=C32)N)O)OP(=O)(O)O)O)O
(S)-3-Hydroxydodecanoyl-CoA	CCCCCCCCCC(CC(=O)SCCNC(=O)CCNC(=O)C(C(C)(C)COP(=O)(O)OP(=O)(O)OCC1C(C(C(O1)N2C=NC3=C(N=CN=C32)N)O)OP(=O)(O)O)O)O
(S)-3-Hydroxyhexadecanoyl-CoA	CCCCCCCCCCCCCC(CC(=O)SCCNC(=O)CCNC(=O)C(C(C)(C)COP(=O)(O)OP(=O)(O)OCC1C(C(C(O1)N2C=NC3=C(N=CN=C32)N)O)OP(=O)(O)O)O)O
(S)-3-Hydroxyisobutyryl-CoA	CC(CO)C(=O)SCCNC(=O)CCNC(=O)C(C(C)(C)COP(=O)(O)OP(=O)(O)OCC1C(C(C(O1)N2C=NC3=C(N=CN=C32)N)O)OP(=O)(O)O)O
(S)-3-Hydroxyoctanoyl-CoA	CCCCCC(CC(=O)SCCNC(=O)CCNC(=O)C(C(C)(C)COP(=O)(O)OP(=O)(O)OCC1C(C(C(O1)N2C=NC3=C(N=CN=C32)N)O)OP(=O)(O)O)O)O
(S)-3-Hydroxytetradecanoyl-CoA	CCCCCCCCCCCC(CC(=O)SCCNC(=O)CCNC(=O)C(C(C)(C)COP(=O)(O)OP(=O)(O)OCC1C(C(C(O1)N2C=NC3=C(N=CN=C32)N)O)OP(=O)(O)O)O)O
(S)-3-Methyl-2-oxopentanoic acid	CCC(C)C(=O)C(=O)O
(S)-4-Amino-5-oxopentanoate	C(CC(=O)[O-])C(C=O)N
(S)-4-Hydroxymandelonitrile	C1=CC(=CC=C1C(C#N)O)O
(S)-Allantoin	C1(C(=O)NC(=O)N1)NC(=O)N
(S)-Dihydroorotate	C1C(NC(=O)NC1=O)C(=O)O
(S)-Hydroxydecanoyl-CoA	CCCCCCCC(CC(=O)SCCNC(=O)CCNC(=O)C(C(C)(C)COP(=O)(O)OP(=O)(O)OCC1C(C(C(O1)N2C=NC3=C(N=CN=C32)N)O)OP(=O)(O)O)O)O
(S)-Hydroxyhexanoyl-CoA	CCCC(CC(=O)SCCNC(=O)CCNC(=O)C(C(C)(C)COP(=O)(O)OP(=O)(O)OCC1C(C(C(O1)N2C=NC3=C(N=CN=C32)N)O)OP(=O)(O)O)O)O
(S)-Malate	C(C(C(=O)O)O)C(=O)O
(S,S)-Tartaric acid	C(C(C(=O)O)O)(C(=O)O)O
(Z)-But-2-ene-1,2,3-tricarboxylate	CC(=C(CC(=O)[O-])C(=O)[O-])C(=O)[O-]
1,1-Dichloroethylene epoxide	C1C(O1)(Cl)Cl
1,2,4-Trichlorobenzene	C1=CC(=C(C=C1Cl)Cl)Cl
1,2-Diacyl-sn-glycerol	
1,2-Dibromoethane	C(CBr)Br
1,2-Dichloroethane	C(CCl)Cl
1,2-Dihydroxy-5-(methylthio)pent-1-en-3-one	CSCCC(=O)C(=CO)O
1,3,4,6-Tetrachloro-1,4-cyclohexadiene	C1=C(C(C=C(C1Cl)Cl)Cl)Cl
1,4\'-Bipiperidine-1\'-carboxylic acid	
1,6-Anhydro-N-acetyl-beta-muramate	CC(C(=O)[O-])OC1C(C2OCC(C1O)O2)NC(=O)C
1-(2-Carboxyphenylamino)-1-deoxy-D-ribulose 5-phosphate	C1=CC=C(C(=C1)C(=O)O)NCC(=O)C(C(COP(=O)(O)O)O)O
1-(5-Phospho-D-ribosyl)-5-amino-4-imidazolecarboxylate	C1=NC(=C(N1C2C(C(C(O2)COP(=O)(O)O)O)O)N)C(=O)O
1-(5-Phospho-D-ribosyl)-ATP	C1=NC2=C(N1C3C(C(C(O3)COP(=O)(O)OP(=O)(O)OP(=O)(O)O)O)O)N=CN(C2=N)C4C(C(C(O4)COP(=O)(O)O)O)O
1-(5\'-Phosphoribosyl)-5-amino-4-(N-succinocarboxamide)-imidazole	
1-(5\'-Phosphoribosyl)-5-amino-4-imidazolecarboxamide	
1-(5\'-Phosphoribosyl)-5-formamido-4-imidazolecarboxamide	
1-Acyl-sn-glycerol 3-phosphate	
1-Deoxy-D-xylulose 5-phosphate	CC(=O)C(C(COP(=O)(O)O)O)O
1-Hydroxy-2-methyl-2-butenyl 4-diphosphate	CC(=CCOP(=O)(O)OP(=O)(O)O)CO
1-Nitro-5-glutathionyl-6-hydroxy-5,6-dihydronaphthalene	C1=CC2=C(C=CC(C2SCC(C(=O)NCC(=O)O)NC(=O)CCC(C(=O)O)N)O)C(=C1)[N+](=O)[O-]
1-Nitro-5-hydroxy-6-glutathionyl-5,6-dihydronaphthalene	C1=CC2=C(C=CC(C2O)SCC(C(=O)NCC(=O)O)NC(=O)CCC(C(=O)O)N)C(=C1)[N+](=O)[O-]
1-Nitro-7-glutathionyl-8-hydroxy-7,8-dihydronaphthalene	C1=CC2=C(C(C(C=C2)SCC(C(=O)NCC(=O)O)NC(=O)CCC(C(=O)O)N)O)C(=C1)[N+](=O)[O-]
1-Nitro-7-hydroxy-8-glutathionyl-7,8-dihydronaphthalene	C1=CC2=C(C(C(C=C2)O)SCC(C(=O)NCC(=O)O)NC(=O)CCC(C(=O)O)N)C(=C1)[N+](=O)[O-]
1-Nitronaphthalene-5,6-oxide	C1=CC2=C(C=CC3C2O3)C(=C1)[N+](=O)[O-]
1-Nitronaphthalene-7,8-oxide	C1=CC2=C(C3C(O3)C=C2)C(=C1)[N+](=O)[O-]
1-Pentanol	CCCCCO
1-aci-Nitro-2-phenylethane	C1=CC=C(C=C1)CC=[N+](O)[O-]
10-Formyltetrahydrofolate	C1C(NC2=C(N1)N=C(NC2=O)N)CN(C=O)C3=CC=C(C=C3)C(=O)NC(CCC(=O)O)C(=O)O
15(S)-HPETE	CCCCCC(C=CC=CCC=CCC=CCCCC(=O)O)OO
1D-myo-Inositol 3-phosphate	C1(C(C(C(C(C1O)O)OP(=O)(O)O)O)O)O
2,2-Dichloroacetaldehyde	C(=O)C(Cl)Cl
2,3,2\'3\'-Tetrakis(3-hydroxytetradecanoyl)-D-glucosaminyl-1,6-beta-D-glucosamine 1,4\'-bisphosphate	
2,3,4,5-Tetrahydrodipicolinate	C1CC(N=C(C1)C(=O)O)C(=O)O
2,3-Dihydro-2-S-glutathionyl-3-hydroxy bromobenzene	C1=CC(C(C(=C1)Br)SCC(C(=O)NCC(=O)O)NC(=O)CCC(C(=O)O)N)O
2,3-Dihydroxy-3-methylbutanoate	CC(C)(C(C(=O)[O-])O)O
2,3-Diketo-5-methylthiopentyl-1-phosphate	CSCCC(=O)C(=O)COP(=O)(O)O
2,4,5-Trichloro-2,5-cyclohexadiene-1-ol	C1=C(C(C=C(C1O)Cl)Cl)Cl
2,5-Diamino-6-(5-phospho-D-ribosylamino)pyrimidin-4(3H)-one	C(C1C(C(C(O1)NC2=C(C(=O)NC(=N2)N)N)O)O)OP(=O)(O)O
2,5-Diamino-6-(5\'-triphosphoryl-3\',4\'-trihydroxy-2\'-oxopentyl)-amino-4-oxopyrimidine	
2,5-Diaminopyrimidine nucleoside triphosphate	C(C1C(C(C(O1)NC2=C(C(=O)NC(=N2)N)N)O)O)OP(=O)(O)OP(=O)(O)OP(=O)(O)O
2,5-Dichloro-2,5-cyclohexadiene-1,4-diol	C1=C(C(C=C(C1O)Cl)O)Cl
2,5-Dichlorophenol	C1=CC(=C(C=C1Cl)O)Cl
2-(2-Carboxy-4-methylthiazol-5-yl)ethyl phosphate	CC1=C(SC(=N1)C(=O)O)CCOP(=O)(O)O
2-(Formamido)-N1-(5\'-phosphoribosyl)acetamidine	
2-(S-Glutathionyl)acetyl chloride	C(CC(=O)NC(CSCC(=O)Cl)C(=O)NCC(=O)O)C(C(=O)O)N
2-(S-Glutathionyl)acetyl glutathione	C(CC(=O)NC(CSCC(=O)SCC(C(=O)NCC(=O)O)NC(=O)CCC(C(=O)O)N)C(=O)NCC(=O)O)C(C(=O)O)N
2-Amino-3-oxo-4-phosphonooxybutyrate	C(C(=O)C(C(=O)O)N)OP(=O)(O)O
2-Aminobut-2-enoate	CC=C(C(=O)O)N
2-Bromoacetaldehyde	C(C=O)Br
2-C-Methyl-D-erythritol 2,4-cyclodiphosphate	CC1(C(COP(=O)(OP(=O)(O1)O)O)O)CO
2-C-Methyl-D-erythritol 4-phosphate	CC(CO)(C(COP(=O)(O)O)O)O
2-Carboxy-2,3-dihydro-5,6-dihydroxyindole	C1C(NC2=CC(=C(C=C21)O)O)C(=O)O
2-Chloroethanol	C(CCl)O
2-Dehydro-3-deoxy-6-phospho-D-gluconate	C(C(C(COP(=O)(O)O)O)O)C(=O)C(=O)O
2-Dehydro-3-deoxy-D-arabino-heptonate 7-phosphate	C(C(C(C(COP(=O)(O)O)O)O)O)C(=O)C(=O)O
2-Dehydropantoate	CC(C)(CO)C(=O)C(=O)O
2-Deoxy-D-ribose 5-phosphate	
2-Descarboxy-betanidin	C1C[N+](=CC=C2CC(NC(=C2)C(=O)O)C(=O)O)C3=CC(=C(C=C31)O)O
2-Descarboxy-cyclo-dopa	C1CNC2=CC(=C(C=C21)O)O
2-Hexaprenyl-3-methyl-6-methoxy-1,4-benzoquinone	CC1=C(C(=O)C(=CC1=O)OC)CC=C(C)CCC=C(C)CCC=C(C)CCC=C(C)CCC=C(C)CCC=C(C)C
2-Hexaprenyl-6-methoxy-1,4-benzoquinone	CC(=CCCC(=CCCC(=CCCC(=CCCC(=CCCC(=CCC1=CC(=O)C=C(C1=O)OC)C)C)C)C)C)C
2-Hydroxy carboxylate	
2-Hydroxy-3-keto-5-methylthiopentenyl-1-phosphate	CSCCC(=O)C(=COP(=O)(O)O)O
2-Hydroxyglutarate	C(CC(=O)O)C(C(=O)O)O
2-Iminobutanoate	CCC(=N)C(=O)O
2-Iminopropanoate	CC(=N)C(=O)O
2-Isopropylmaleate	CC(C)C(=CC(=O)O)C(=O)O
2-Methylbut-2-enoyl-CoA	CC=C(C)C(=O)SCCNC(=O)CCNC(=O)C(C(C)(C)COP(=O)([O-])OP(=O)([O-])OCC1C(C(C(O1)N2C=NC3=C(N=CN=C32)N)O)OP(=O)([O-])[O-])O
2-Methylprop-2-enoyl-CoA	CC(=C)C(=O)SCCNC(=O)CCNC(=O)C(C(C)(C)COP(=O)(O)OP(=O)(O)OCC1C(C(C(O1)N2C=NC3=C(N=CN=C32)N)O)OP(=O)(O)O)O
2-Octaprenyl-3-methyl-5-hydroxy-6-methoxy-1,4-benzoquinone	
2-Octaprenyl-3-methyl-6-methoxy-1,4-benzoquinone	CC1=C(C(=O)C(=CC1=O)OC)CC=C(C)CCC=C(C)CCC=C(C)CCC=C(C)CCC=C(C)CCC=C(C)CCC=C(C)CCC=C(C)C
2-Octaprenyl-6-hydroxyphenol	CC(=CCCC(=CCCC(=CCCC(=CCCC(=CCCC(=CCCC(=CCCC(=CCC1=C(C(=CC=C1)O)O)C)C)C)C)C)C)C)C
2-Octaprenyl-6-methoxy-1,4-benzoquinone	CC(=CCCC(=CCCC(=CCCC(=CCCC(=CCCC(=CCCC(=CCCC(=CCC1=CC(=O)C=C(C1=O)OC)C)C)C)C)C)C)C)C
2-Octaprenyl-6-methoxyphenol	CC(=CCCC(=CCCC(=CCCC(=CCCC(=CCCC(=CCCC(=CCCC(=CCC1=C(C(=CC=C1)OC)O)C)C)C)C)C)C)C)C
2-Octaprenylphenol	CC(=CCCC(=CCCC(=CCCC(=CCCC(=CCCC(=CCCC(=CCCC(=CCC1=CC=CC=C1O)C)C)C)C)C)C)C)C
2-Oxo-3-hydroxy-4-phosphobutanoate	C(C(C(=O)C(=O)O)O)OP(=O)(O)O
2-Oxoadipate	C(CC(=O)C(=O)O)CC(=O)O
2-Oxobutanoate	CCC(=O)C(=O)[O-]
2-Oxoglutaramate	C(CC(=O)N)C(=O)C(=O)[O-]
2-Oxoglutarate	C(CC(=O)O)C(=O)C(=O)O
2-Oxosuccinamate	C(C(=O)C(=O)[O-])C(=O)N
2-Phenylacetamide	C1=CC=C(C=C1)CC(=O)N
2-Phospho-4-(cytidine 5\'-diphospho)-2-C-methyl-D-erythritol	
2-Phospho-D-glycerate	C(C(C(=O)O)OP(=O)(O)O)O
2-Phosphoglycolate	C(C(=O)[O-])OP(=O)([O-])[O-]
2-Pyrone-4,6-dicarboxylate	C1=C(C=C(OC1=O)C(=O)[O-])C(=O)[O-]
2-[(2R,5Z)-2-Carboxy-4-methylthiazol-5(2H)-ylidene]ethyl phosphate	CC1=NC(SC1=CCOP(=O)([O-])[O-])C(=O)[O-]
2-trans-Dodecenoyl-CoA	CCCCCCCCCC=CC(=O)SCCNC(=O)CCNC(=O)C(C(C)(C)COP(=O)(O)OP(=O)(O)OCC1C(C(C(O1)N2C=NC3=C(N=CN=C32)N)O)OP(=O)(O)O)O
2\'-Deoxy-5-hydroxymethylcytidine-5\'-diphosphate	
2\'-Deoxy-5-hydroxymethylcytidine-5\'-triphosphate	
2\'-Deoxyinosine 5\'-phosphate	
3,4-Dihydro-3-hydroxy-4-S-glutathionyl bromobenzene	C1=CC(=CC(C1SCC(C(=O)NCC(=O)O)NC(=O)CCC(C(=O)O)N)O)Br
3,4-Dihydroxy-L-phenylalanine	C1=CC(=C(C=C1CC(C(=O)O)N)O)O
3-(4-Hydroxyphenyl)pyruvate	C1=CC(=CC=C1CC(=O)C(=O)[O-])O
3-(Imidazol-4-yl)-2-oxopropyl phosphate	C1=C(NC=N1)CC(=O)COP(=O)(O)O
3-(Methylthio)propanoate	CSCCC(=O)O
3-Amino-2-oxopropyl phosphate	C(C(=O)COP(=O)(O)O)N
3-Aminopropiononitrile	C(CN)C#N
3-Cyano-L-alanine	C(C#N)C(C(=O)O)N
3-Dehydroquinate	C1C(C(C(=O)CC1(C(=O)[O-])O)O)O
3-Dehydroshikimate	C1C(C(C(=O)C=C1C(=O)O)O)O
3-Deoxy-D-manno-octulosonate	C(C(C(C(C(CO)O)O)O)O)C(=O)C(=O)O
3-Deoxy-D-manno-octulosonate 8-phosphate	C(C(C(C(C(COP(=O)(O)O)O)O)O)O)C(=O)C(=O)O
3-Deoxy-D-manno-octulosonyl-lipid IV(A)	CCCCCCCCCCCC(CC(=O)NC1C(C(C(OC1OP(=O)(O)O)COC2C(C(C(C(O2)COC3(CC(C(C(O3)C(CO)O)O)O)C(=O)O)OP(=O)(O)O)OC(=O)CC(CCCCCCCCCCC)O)NC(=O)CC(CCCCCCCCCCC)O)O)OC(=O)CC(CCCCCCCCCCC)O)O
3-Hydroxy-2,6-dimethyl-5-methylene-heptanoyl-CoA	CC(C)C(=C)CC(C(C)C(=O)SCCNC(=O)CCNC(=O)C(C(C)(C)COP(=O)(O)OP(=O)(O)OCC1C(C(C(O1)N2C=NC3=C(N=CN=C32)N)O)OP(=O)(O)O)O)O
3-Hydroxy-3-methyl-2-oxobutanoic acid	CC(C)(C(=O)C(=O)O)O
3-Hydroxy-5-methylhex-4-enoyl-CoA	CC(=CC(CC(=O)SCCNC(=O)CCNC(=O)C(C(C)(C)COP(=O)(O)OP(=O)(O)OCC1C(C(C(O1)N2C=NC3=C(N=CN=C32)N)O)OP(=O)(O)O)O)O)C
3-Hydroxy-OPC4-CoA	CCC=CCC1C(CCC1=O)CC(CC(=O)SCCNC(=O)CCNC(=O)C(C(C)(C)COP(=O)(O)OP(=O)(O)OCC2C(C(C(O2)N3C=NC4=C(N=CN=C43)N)O)OP(=O)(O)O)O)O
3-Hydroxy-OPC6-CoA	CCC=CCC1C(CCC1=O)CCCC(CC(=O)SCCNC(=O)CCNC(=O)C(C(C)(C)COP(=O)(O)OP(=O)(O)OCC2C(C(C(O2)N3C=NC4=C(N=CN=C43)N)O)OP(=O)(O)O)O)O
3-Hydroxy-OPC8-CoA	CCC=CCC1C(CCC1=O)CCCCCC(CC(=O)SCCNC(=O)CCNC(=O)C(C(C)(C)COP(=O)(O)OP(=O)(O)OCC2C(C(C(O2)N3C=NC4=C(N=CN=C43)N)O)OP(=O)(O)O)O)O
3-Hydroxyanthranilate	C1=CC(=C(C(=C1)O)N)C(=O)O
3-Hydroxybenzoate	C1=CC(=CC(=C1)[O-])C(=O)O
3-Hydroxybutanoyl-CoA	CC(CC(=O)SCCNC(=O)CCNC(=O)C(C(C)(C)COP(=O)(O)OP(=O)(O)OCC1C(C(C(O1)N2C=NC3=C(N=CN=C32)N)O)OP(=O)(O)O)O)O
3-Hydroxyglutaryl-[acp] methyl ester	
3-Hydroxyisovaleryl-CoA	CC(C)(CC(=O)SCCNC(=O)CCNC(=O)C(C(C)(C)COP(=O)(O)OP(=O)(O)OCC1C(C(C(O1)N2C=NC3=C(N=CN=C32)N)O)OP(=O)(O)O)O)O
3-Hydroxypimeloyl-[acp] methyl ester	
3-Hydroxypropanoate	C(CO)C(=O)[O-]
3-Hydroxypropionyl-CoA	CC(C)(COP(=O)(O)OP(=O)(O)OCC1C(C(C(O1)N2C=NC3=C(N=CN=C32)N)O)OP(=O)(O)O)C(C(=O)NCCC(=O)NCCSC(=O)CCO)O
3-Ketoglutaryl-[acp] methyl ester	
3-Ketopimeloyl-[acp] methyl ester	
3-Methoxytyramine	COC1=C(C=CC(=C1)CCN)O
3-Methoxytyramine-betaxanthin	COC1=C(C=CC(=C1)CCN=CC=C2CC(NC(=C2)C(=O)O)C(=O)O)O
3-Methyl-2-oxobutanoic acid	CC(C)C(=O)C(=O)O
3-Methylcrotonyl-CoA	CC(=CC(=O)SCCNC(=O)CCNC(=O)C(C(C)(C)COP(=O)(O)OP(=O)(O)OCC1C(C(C(O1)N2C=NC3=C(N=CN=C32)N)O)OP(=O)(O)O)O)C
3-O-L-Lysyl-1-O-phosphatidylglycerol	
3-Octaprenyl-4-hydroxybenzoate	CC(=CCCC(=CCCC(=CCCC(=CCCC(=CCCC(=CCCC(=CCCC(=CCC1=C(C=CC(=C1)C(=O)O)[O-])C)C)C)C)C)C)C)C
3-Oxoacyl-[acyl-carrier protein]	
3-Oxodecanoyl-[acp]	
3-Oxododecanoyl-[acp]	
3-Oxohexadecanoyl-[acp]	
3-Oxohexanoyl-[acp]	
3-Oxooctanoyl-[acp]	
3-Oxopropanoate	C(C=O)C(=O)[O-]
3-Oxostearoyl-[acp]	
3-Oxotetradecanoyl-[acp]	
3-Phospho-D-erythronate	C(C(C(C(=O)O)O)OP(=O)(O)O)O
3-Phospho-D-glycerate	C(C(C(=O)O)O)OP(=O)(O)O
3-Phospho-D-glyceroyl phosphate	C(C(C(=O)OP(=O)(O)O)O)OP(=O)(O)O
3-Phosphonooxypyruvate	C(C(=O)C(=O)O)OP(=O)(O)O
3-Sulfino-L-alanine	C(C(C(=O)O)N)S(=O)O
3-Sulfopyruvate	C(C(=O)C(=O)O)S(=O)(=O)O
3\',5\'-Cyclic diGMP	
3\'-Phosphoadenylyl sulfate	
3\'-Phosphoadenylylselenate	
4,21-Dehydrocorynantheine aldehyde	COC(=O)C(=CO)C1CC2C3=C(CC[N+]2=CC1C=C)C4=CC=CC=C4N3
4,21-Dehydrogeissoschizine	CC=C1C=[N+]2CCC3=C(C2CC1C(=CO)C(=O)OC)NC4=CC=CC=C34
4,5-Dihydro-4-hydroxy-5-S-glutathionyl-benzo[a]pyrene	C1=CC=C2C3=C4C(=CC2=C1)C(C(C5=CC=CC(=C54)C=C3)O)SCC(C(=O)NCC(=O)O)NC(=O)CCC(C(=O)O)N
4,5-seco-Dopa	C(C(C(=O)O)N)C(=CC(=O)C(=O)O)C=CO
4-(Cytidine 5\'-diphospho)-2-C-methyl-D-erythritol	
4-Amino-1-piperidinecarboxylic acid	C1CN(CCC1N)C(=O)O
4-Amino-2-methyl-5-(phosphooxymethyl)pyrimidine	CC1=NC=C(C(=N1)N)COP(=O)([O-])[O-]
4-Amino-4-deoxychorismate	C=C(C(=O)O)OC1C=C(C=CC1N)C(=O)O
4-Amino-5-hydroxymethyl-2-methylpyrimidine	CC1=NC=C(C(=N1)N)CO
4-Amino-5-hydroxymethyl-2-methylpyrimidine diphosphate	
4-Aminobenzoate	C1=CC(=CC=C1C(=O)[O-])N
4-Carboxy-2-hydroxy-6-methoxy-6-oxohexa-2,4-dienoate	COC(=O)C=C(C=C(C(=O)O)O)C(=O)O
4-Glutathionyl cyclophosphamide	C1COP(=O)(NC1SCC(C(=O)NCC(=O)O)NC(=O)CCC(C(=O)O)N)N(CCCl)CCCl
4-Hydroxy-2-oxoglutarate	C(C(C(=O)O)O)C(=O)C(=O)O
4-Hydroxy-L-threonine	C(C(C(C(=O)O)N)O)O
4-Hydroxybenzoate	C1=CC(=CC=C1C(=O)O)[O-]
4-Methyl-2-oxopentanoate	CC(C)CC(=O)C(=O)O
4-Methyl-5-(2-phosphooxyethyl)thiazole	CC1=C(SC=N1)CCOP(=O)(O)O
4-Methylthio-2-oxobutanoic acid	CSCCC(=O)C(=O)O
4-O-Phospho-alpha-Kdo-(2->6)-lipid IVA	CCCCCCCCCCCC(CC(=O)NC1C(C(C(OC1OP(=O)([O-])[O-])COC2C(C(C(C(O2)COC3(CC(C(C(O3)C(CO)O)O)OP(=O)([O-])[O-])C(=O)[O-])OP(=O)([O-])[O-])OC(=O)CC(CCCCCCCCCCC)O)NC(=O)CC(CCCCCCCCCCC)O)O)OC(=O)CC(CCCCCCCCCCC)O)O
4-Phospho-D-erythronate	C(C(C(C(=O)O)O)O)OP(=O)(O)O
4-Phospho-L-aspartate	C(C(C(=O)O)N)C(=O)OP(=O)(O)O
4a-Hydroxytetrahydrobiopterin	CC(C(C1CN=C2C(N1)(C(=O)NC(=N2)N)O)O)O
5(S)-HETE	CCCCCC=CCC=CCC=CC=CC(CCCC(=O)O)O
5(S)-HPETE	CCCCCC=CCC=CCC=CC=CC(CCCC(=O)O)OO
5,10-Dihydrophenazine	C1=CC=C2C(=C1)NC3=CC=CC=C3N2
5,10-Dihydrophenazine-1,6-dicarboxylate	C1=CC(=C2C(=C1)NC3=C(C=CC=C3N2)C(=O)[O-])C(=O)[O-]
5,10-Dihydrophenazine-1-carboxylate	C1=CC=C2C(=C1)NC3=CC=CC(=C3N2)C(=O)[O-]
5,10-Methenyltetrahydrofolate	C1C2CN(C=[N+]2C3=C(N1)N=C(NC3=O)N)C4=CC=C(C=C4)C(=O)NC(CCC(=O)O)C(=O)O
5,10-Methylenetetrahydrofolate	C1C2CN(CN2C3=C(N1)N=C(NC3=O)N)C4=CC=C(C=C4)C(=O)NC(CCC(=O)O)C(=O)O
5,10-Methylenetetrahydromethanopterin	CC1C2C(N(CN2C3=C(N1)N=C(NC3=O)N)C4=CC=C(C=C4)CC(C(C(COC5C(C(C(O5)COP(=O)(O)OC(CCC(=O)O)C(=O)O)O)O)O)O)O)C
5,6,7,8-Tetrahydromethanopterin	CC1C(NC2=C(N1)N=C(NC2=O)N)C(C)NC3=CC=C(C=C3)CC(C(C(COC4C(C(C(O4)COP(=O)(O)OC(CCC(=O)O)C(=O)O)O)O)O)O)O
5,6-Dihydroxyindole	C1=CNC2=CC(=C(C=C21)O)O
5-(5-Phospho-D-ribosylaminoformimino)-1-(5-phosphoribosyl)-imidazole-4-carboxamide	C1=NC(=C(N1C2C(C(C(O2)COP(=O)(O)O)O)O)NC=NC3C(C(C(O3)COP(=O)(O)O)O)O)C(=O)N
5-Amino-6-(1-D-ribitylamino)uracil	C(C(C(C(CO)O)O)O)NC1=C(C(=O)NC(=O)N1)N
5-Amino-6-(5\'-phospho-D-ribitylamino)uracil	
5-Amino-6-(5\'-phosphoribosylamino)uracil	
5-Aminolevulinate	C(CC(=O)O)C(=O)CN
5-Carboxy-2-pentenoyl-CoA	CC(C)(COP(=O)(O)OP(=O)(O)OCC1C(C(C(O1)N2C=NC3=C(N=CN=C32)N)O)OP(=O)(O)O)C(C(=O)NCCC(=O)NCCSC(=O)C=CCCC(=O)O)O
5-Carboxyamino-1-(5-phospho-D-ribosyl)imidazole	C1=C(N(C=N1)C2C(C(C(O2)COP(=O)(O)O)O)O)NC(=O)O
5-FU	C1=C(C(=O)NC(=O)N1)F
5-Fluorodeoxyuridine diphosphate	C1C(C(OC1N2C=C(C(=O)NC2=O)F)COP(=O)(O)OP(=O)(O)O)O
5-Fluorodeoxyuridine monophosphate	C1C(C(OC1N2C=C(C(=O)NC2=O)F)COP(=O)(O)O)O
5-Fluorodeoxyuridine triphosphate	C1C(C(OC1N2C=C(C(=O)NC2=O)F)COP(=O)(O)OP(=O)(O)OP(=O)(O)O)O
5-Fluorouridine diphosphate	C1=C(C(=O)NC(=O)N1C2C(C(C(O2)COP(=O)(O)OP(=O)(O)O)O)O)F
5-Fluorouridine monophosphate	C1=C(C(=O)NC(=O)N1C2C(C(C(O2)COP(=O)(O)O)O)O)F
5-Fluorouridine triphosphate	C1=C(C(=O)NC(=O)N1C2C(C(C(O2)COP(=O)(O)OP(=O)(O)OP(=O)(O)O)O)O)F
5-Hydroxyisourate	C12=NC(=O)NC1(C(=O)NC(=O)N2)O
5-Methyltetrahydrofolate	CN1C(CNC2=C1C(=O)NC(=N2)N)CNC3=CC=C(C=C3)C(=O)NC(CCC(=O)O)C(=O)O
5-Methyltetrahydropteroyltri-L-glutamate	CN1C(CNC2=C1C(=O)NC(=N2)N)CNC3=CC=C(C=C3)C(=O)NC(CCC(=O)NC(CCC(=O)NC(CCC(=O)O)C(=O)O)C(=O)O)C(=O)O
5-O-(1-Carboxyvinyl)-3-phosphoshikimate	C=C(C(=O)O)OC1CC(=CC(C1O)OP(=O)(O)O)C(=O)O
5-Phospho-alpha-D-ribose 1-diphosphate	C(C1C(C(C(O1)OP(=O)(O)OP(=O)(O)O)O)O)OP(=O)(O)O
5-Phosphoribosylamine	C(C1C(C(C(O1)N)O)O)OP(=O)(O)O
5\'-Deoxy-5-fluorocytidine	
5\'-Deoxyadenosine	
5\'-Methylthioadenosine	
5\'-Phosphoguanylyl(3\'->5\')guanosine	
5\'-Phosphoribosyl-N-formylglycinamide	
5\'-Phosphoribosylglycinamide	
5\'-S-Methyl-5\'-thioinosine	
6,7-Dimethyl-8-(D-ribityl)lumazine	CC1=C(N(C2=NC(=O)NC(=O)C2=N1)CC(C(C(CO)O)O)O)C
6-(Hydroxymethyl)-7,8-dihydropterin	C1C(=NC2=C(N1)N=C(NC2=O)N)CO
6-Carboxy-5,6,7,8-tetrahydropterin	C1C(NC2=C(N1)N=C(NC2=O)N)C(=O)O
6-Carboxyhexanoyl-CoA	CC(C)(COP(=O)(O)OP(=O)(O)OCC1C(C(C(O1)N2C=NC3=C(N=CN=C32)N)O)OP(=O)(O)O)C(C(=O)NCCC(=O)NCCSC(=O)CCCCCC(=O)O)O
6-Deoxy-6-sulfo-D-fructose	C(C1C(C(C(O1)(CO)O)O)O)S(=O)(=O)[O-]
6-Deoxy-L-galactose	CC1C(C(C(C(O1)O)O)O)O
6-Hydroxyhexan-6-olide	C1CCC(=O)OC(C1)O
6-Hydroxyhexanoic acid	C(CCC(=O)O)CCO
6-Hydroxymethyl-7,8-dihydropterin diphosphate	C1C(=NC2=C(N1)N=C(NC2=O)N)COP(=O)([O-])OP(=O)([O-])[O-]
6-Mercaptopurine	C1=NC2=C(N1)C(=S)N=CN2
6-Methylmercaptopurine	CSC1=NC=NC2=C1NC=N2
6-Methylthiopurine 5\'-monophosphate ribonucleotide	
6-Phospho-D-gluconate	C(C(C(C(C(C(=O)O)O)O)O)O)OP(=O)(O)O
6-Thioguanosine monophosphate	C1=NC2=C(N1C3C(C(C(O3)COP(=O)(O)O)O)O)NC(=NC2=S)N
6-Thioinosine-5\'-monophosphate	
6-Thioxanthine 5\'-monophosphate	
7,8-Diaminononanoate	CC(C(CCCCCC(=O)[O-])N)N
7,8-Dihydro-7-hydroxy-8-S-glutathionyl-benzo[a]pyrene	C1=CC2=C3C(=C1)C=CC4=C3C(=CC5=C4C=CC(C5O)SCC(C(=O)NCC(=O)O)NC(=O)CCC(C(=O)O)N)C=C2
7,8-Dihydrobiopterin	CC(C(C1=NC2=C(NC1)N=C(NC2=O)N)O)O
7,8-Dihydromonapterin	C1C(=NC2=C(N1)N=C(NC2=O)N)C(C(CO)O)O
7,8-Dihydroneopterin	C1C(=NC2=C(N1)N=C(NC2=O)N)C(C(CO)O)O
7,8-Dihydroneopterin 3\'-triphosphate	
7-Aminomethyl-7-carbaguanine	C1=C(C2=C(N1)N=C(NC2=O)N)CN
7-Carboxy-7-carbaguanine	C1=NC2=C(C1C(=O)O)C(=O)NC(=N2)N
7-Cyano-7-carbaguanine	C1=C(C2=C(N1)N=C(NC2=O)N)C#N
7-Oxodeoxycholate	CC(CCC(=O)O)C1CCC2C1(C(CC3C2C(=O)CC4C3(CCC(C4)O)C)O)C
8-Amino-7-oxononanoate	CC(C(=O)CCCCCC(=O)[O-])N
9-Hydroxy-12-oxo-10(E),15(Z)-octadecadienoic acid	CCC=CCCC(=O)C=CC(CCCCCCCC(=O)O)O
ADP	C1=NC(=C2C(=N1)N(C=N2)C3C(C(C(O3)COP(=O)(O)OP(=O)(O)O)O)O)N
AMP	C1=NC(=C2C(=N1)N(C=N2)C3C(C(C(O3)COP(=O)(O)O)O)O)N
ATP	C1=NC(=C2C(=N1)N(C=N2)C3C(C(C(O3)COP(=O)(O)OP(=O)(O)OP(=O)(O)O)O)O)N
Acetaldehyde	CC=O
Acetate	CC(=O)[O-]
Acetoacetyl-[acp]	
Acetone cyanohydrin	CC(C)(C#N)O
Acetyl adenylate	CC(=O)OP(=O)(O)OCC1C(C(C(O1)N2C=NC3=C(N=CN=C32)N)O)O
Acetyl-CoA	CC(=O)SCCNC(=O)CCNC(=O)C(C(C)(C)COP(=O)(O)OP(=O)(O)OCC1C(C(C(O1)N2C=NC3=C(N=CN=C32)N)O)OP(=O)(O)O)O
Acetyl-[acyl-carrier protein]	
Acetylhydrazine	CC(=O)NN
Acrolein	C=CC=O
Acyl-CoA	
Acyl-carrier protein	
Adenine	C1=NC2=NC=NC(=C2N1)N
Adenosine	C1=NC(=C2C(=N1)N(C=N2)C3C(C(C(O3)CO)O)O)N
Adenosine 3\',5\'-bisphosphate	
Adenylyl sulfate	C1=NC(=C2C(=N1)N(C=N2)C3C(C(C(O3)COP(=O)(O)OS(=O)(=O)O)O)O)N
Adenylylselenate	C1=NC(=C2C(=N1)N(C=N2)C3C(C(C(O3)COP(=O)(O)O[Se](=O)(=O)O)O)O)N
Adipate semialdehyde	C(CCC(=O)O)CC=O
Aflatoxin B1-exo-8,9-epoxide	COC1=C2C3=C(C(=O)CC3)C(=O)OC2=C4C5C6C(O6)OC5OC4=C1
Aflatoxin B1exo-8,9-epoxide-GSH	COC1=C2C3=C(C(=O)CC3)C(=O)OC2=C4C5C(C(OC5OC4=C1)SCC(C(=O)NCC(=O)O)NC(=O)CCC(C(=O)O)N)O
Agmatine	C(CCN=C(N)N)CN
Aldoifosfamide	C(COP(=O)(NCCCl)NCCCl)C=O
Aldophosphamide	C(COP(=O)(N)N(CCCl)CCCl)C=O
Amaranthin	C1C(NC(=CC1=CC=[N+]2C(CC3=CC(=C(C=C32)O)OC4C(C(C(C(O4)CO)O)O)OC5C(C(C(C(O5)C(=O)O)O)O)O)C(=O)[O-])C(=O)O)C(=O)O
Aminoacetone	CC(=O)CN
Aminofructose 6-phosphate	C(C1C(C(C(O1)(CO)O)N)O)OP(=O)(O)O
Aminoimidazole ribotide	C1=C(N(C=N1)C2C(C(C(O2)COP(=O)(O)O)O)O)N
Aminopropylcadaverine	C(CCN)CCNCCCN
Ammonia	N
Amygdalin	C1=CC=C(C=C1)C(C#N)OC2C(C(C(C(O2)COC3C(C(C(C(O3)CO)O)O)O)O)O)O
Anthranilate	C1=CC=C(C(=C1)C(=O)O)N
Apoprotein	
Ascorbate	C(C(C1C(=C(C(=O)O1)O)O)O)O
Benzo[a]pyrene-4,5-oxide	C1=CC=C2C3=C4C(=CC2=C1)C5C(O5)C6=CC=CC(=C64)C=C3
Benzo[a]pyrene-7,8-diol	C1=CC2=C3C(=C1)C=CC4=C3C(=CC5=C4C=CC(=C5O)O)C=C2
Benzoate	C1=CC=C(C=C1)C(=O)[O-]
Betalamic acid	C1C(NC(=CC1=CC=O)C(=O)O)C(=O)O
Betanidin	C1C(N=C(C=C1C=CN2C(CC3=CC(=C(C=C32)O)O)C(=O)O)C(=O)O)C(=O)O
Betanin	
Biotin	C1C2C(C(S1)CCCCC(=O)O)NC(=O)N2
Biotinyl-5\'-AMP	
Bromobenzene-2,3-oxide	C1=CC2C(O2)C(=C1)Br
Bromobenzene-3,4-oxide	C1=CC(=CC2C1O2)Br
But-2-enoyl-[acyl-carrier protein]	
Butyryl-[acp]	
C00001_H2O_H2O	
C00002_ATP_C10H16N5O13P3	
C00007_Oxygen_O2	
C00008_ADP_C10H15N5O10P2	
C00009_Orthophosphate_H3PO4	
C00011_CO2_CO2	
C00013_Diphosphate_H4P2O7	
C00014_Ammonia_NH3	
C00022_Pyruvate_C3H4O3	
C00025_L-Glutamate_C5H9NO4	
C00026_2-Oxoglutarate_C5H6O5	
C00031_D-Glucose_C6H12O6	
C00033_Acetate_C2H4O2	
C00037_Glycine_C2H5NO2	
C00041_L-Alanine_C3H7NO2	
C00042_Succinate_C4H6O4	
C00047_L-Lysine_C6H14N2O2	
C00049_L-Aspartate_C4H7NO4	
C00058_Formate_CH2O2	
C00059_Sulfate_H2SO4	
C00062_L-Arginine_C6H14N4O2	
C00064_L-Glutamine_C5H10N2O3	
C00065_L-Serine_C3H7NO3	
C00073_L-Methionine_C5H11NO2S	
C00077_L-Ornithine_C5H12N2O2	
C00078_L-Tryptophan_C11H12N2O2	
C00079_L-Phenylalanine_C9H11NO2	
C00080_H+_H	
C00082_L-Tyrosine_C9H11NO3	
C00088_Nitrite_HNO2	
C00095_D-Fructose_C6H12O6	
C00097_L-Cysteine_C3H7NO2S	
C00116_Glycerol_C3H8O3	
C00121_D-Ribose_C5H10O5	
C00122_Fumarate_C4H4O4	
C00123_L-Leucine_C6H13NO2	
C00124_D-Galactose_C6H12O6	
C00125_Ferricytochrome c_C42H44FeN8O8S2R4	
C00126_Ferrocytochrome c_C42H44FeN8O8S2R4	
C00135_L-Histidine_C6H9N3O2	
C00148_L-Proline_C5H9NO2	
C00149_(S)-Malate_C4H6O5	
C00152_L-Asparagine_C4H8N2O3	
C00158_Citrate_C6H8O7	
C00159_D-Mannose_C6H12O6	
C00180_Benzoate_C7H6O2	
C00183_L-Valine_C5H11NO2	
C00188_L-Threonine_C4H9NO3	
C00244_Nitrate_HNO3	
C00266_Glycolaldehyde_C2H4O2	
C00283_Hydrogen sulfide_H2S	
C00288_HCO3-_HCO3	
C00329_D-Glucosamine_C6H13NO5	
C00333_D-Galacturonate_C6H10O7	
C00407_L-Isoleucine_C6H13NO2	
C00470_Pectate_C12H18O13	
C00577_D-Glyceraldehyde_C3H6O3	
C00980_Polyvinyl alcohol_(C2H4O)n	
C01042_N-Acetyl-L-aspartate_C6H9NO5	
C01083_alpha,alpha-Trehalose_C12H22O11	
C01166_Oxidized polyvinyl alcohol_null	
C01416_Cocaine_C17H21NO4	
C01674_Chitobiose_C16H28N2O11	
C04425_S-Adenosyl-4-methylthio-2-oxobutanoate_C15H20N5O6S	
C05361_Hydrazine_N2H4	
C05684_Selenite_SeO3	
C05697_Selenate_H2SeO4	
C07054_Isoniazid_C6H7N3O	
C07446_Isonicotinic acid_C6H5NO2	
C07447_Acetylhydrazine_C2H6N2O	
C07585_N-Acetylisoniazid_C8H9N3O2	
C11173_SN-38_C22H20N2O5	
C12270_N-Acetylaspartylglutamate_C11H16N2O8	
C12448_Ecgonine methyl ester_C10H17NO3	
C12650_Capecitabine_C15H22FN3O6	
C14818_Fe2+_Fe	
C14819_Fe3+_Fe	
C16543_NPC_C28H30N4O6	
C16635_5\'-Deoxy-5-fluorocytidine_C9H12FN3O4	
C16641_Irinotecan_C33H38N4O6	
C16834_1-Pentanol_C5H12O	
C16836_1,4\'-Bipiperidine-1\'-carboxylic acid_C11H20N2O2	
C16837_4-Amino-1-piperidinecarboxylic acid_C6H12N2O2	
C20776_N-Acetylaspartylglutamylglutamate_C16H23N3O11	
C21748_5-Fluorouridine diphosphate_C9H13FN2O12P2	
C21749_5-Fluorouridine triphosphate_C9H14FN2O15P3	
C21750_5-Fluorodeoxyuridine diphosphate_C9H13FN2O11P2	
C21751_5-Fluorodeoxyuridine triphosphate_C9H14FN2O14P3	
CDP	C1=CN(C(=O)N=C1N)C2C(C(C(O2)COP(=O)(O)OP(=O)(O)O)O)O
CDP-diacylglycerol	
CMP	C1=CN(C(=O)N=C1N)C2C(C(C(O2)COP(=O)(O)O)O)O
CMP-3-deoxy-D-manno-octulosonate	C1C(C(C(OC1(C(=O)O)OP(=O)(O)OCC2C(C(C(O2)N3C=CC(=NC3=O)N)O)O)C(CO)O)O)O
CO	[Co]
CO2	C(=O)=O
CTP	C1=CN(C(=O)N=C1N)C2C(C(C(O2)COP(=O)(O)OP(=O)(O)OP(=O)(O)O)O)O
Cadaverine	C(CCN)CCN
Capecitabine	CCCCCOC(=O)NC1=NC(=O)N(C=C1F)C2C(C(C(O2)C)O)O
Carbamate	C(=O)(N)[O-]
Carbamoyl phosphate	C(=O)(N)OP(=O)(O)O
Carbonic acid	C(=O)(O)O
Carboxyphosphate	C(=O)(O)OP(=O)(O)O
Cardiolipin	CCCCCC=CCC=CCCCCCCCC(=O)OCC(COP(=O)([O-])OCC(COP(=O)([O-])OCC(COC(=O)CCCCCCCC=CCC=CCCCCC)OC(=O)CCCCCCCC=CCC=CCCCCC)O)OC(=O)CCCCCCCC=CCC=CCCCCC.[Na+].[Na+]
Cathenamine	CC1C2=CN3CCC4=C(C3CC2C(=CO1)C(=O)OC)NC5=CC=CC=C45
Cellobiose	C(C1C(C(C(C(O1)OC2C(OC(C(C2O)O)O)CO)O)O)O)O
Cellodextrin	C(C1C(C(C(C(O1)OC2C(OC(C(C2O)O)OC3C(OC(C(C3O)O)O)CO)CO)O)O)O)O
Cellulose	C(C1C(C(C(C(O1)OC2C(OC(C(C2O)O)O)CO)O)O)O)O
Chitin	
Chitobiose	
Chloroacetyl chloride	C(C(=O)Cl)Cl
Cholic acid	CC(CCC(=O)O)C1CCC2C1(C(CC3C2C(CC4C3(CCC(C4)O)C)O)O)C
Chorismate	C=C(C(=O)O)OC1C=C(C=CC1O)C(=O)O
Cinnavalininate	C1=CC(=C2C(=C1)OC3=CC(=O)C(=C(C3=N2)C(=O)O)N)C(=O)O
Citrate	C(C(=O)[O-])C(CC(=O)[O-])(C(=O)[O-])O
CoA	CC(C)(COP(=O)(O)OP(=O)(O)OCC1C(C(C(O1)N2C=NC3=C(N=CN=C32)N)O)OP(=O)(O)O)C(C(=O)NCCC(=O)NCCS)O
Cocaine	CN1C2CCC1C(C(C2)OC(=O)C3=CC=CC=C3)C(=O)OC
Coproporphyrinogen I	CC1=C2CC3=C(C(=C(N3)CC4=C(C(=C(N4)CC5=C(C(=C(N5)CC(=C1CCC(=O)O)N2)C)CCC(=O)O)C)CCC(=O)O)C)CCC(=O)O
Coproporphyrinogen III	CC1=C2CC3=C(C(=C(N3)CC4=C(C(=C(N4)CC5=C(C(=C(N5)CC(=C1CCC(=O)O)N2)C)CCC(=O)O)C)CCC(=O)O)CCC(=O)O)C
Coupled Biomass	
Crotonoyl-CoA	CC=CC(=O)SCCNC(=O)CCNC(=O)C(C(C)(C)COP(=O)(O)OP(=O)(O)OCC1C(C(C(O1)N2C=NC3=C(N=CN=C32)N)O)OP(=O)(O)O)O
Cys-Gly	C(C(C(=O)NCC(=O)O)N)S
Cystathionine	C(CSCC(C(=O)O)N)C(C(=O)O)N
Cytidine	C1=CN(C(=O)N=C1N)C2C(C(C(O2)CO)O)O
Cytosine	C1=C(NC(=O)N=C1)N
D-4\'-Phosphopantothenate	
D-Alanine	CC(C(=O)O)N
D-Alanyl-D-alanine	CC(C(=O)NC(C)C(=O)O)N
D-Allose 6-phosphate	C(C(C(C(C(C=O)O)O)O)O)OP(=O)(O)O
D-Allulose 6-phosphate	C(C(C(C(C(=O)CO)O)O)O)OP(=O)(O)O
D-Arabinose 5-phosphate	C(C(C(C(C=O)O)O)O)OP(=O)(O)O
D-Erythrose 4-phosphate	C(C(C(C=O)O)O)OP(=O)(O)O
D-Fructose	C1C(C(C(C(O1)(CO)O)O)O)O
D-Fructose 1,6-bisphosphate	
D-Fructose 1-phosphate	C(C(C(C(C(=O)COP(=O)(O)O)O)O)O)O
D-Fructose 6-phosphate	
D-Galactosamine 6-phosphate	C(C1C(C(C(C(O1)O)N)O)O)OP(=O)(O)O
D-Galactose	C(C1C(C(C(C(O1)O)O)O)O)O
D-Galacturonate	C1(C(C(OC(C1O)O)C(=O)O)O)O
D-Glc-beta-(1->4)-Glc-alpha-1-diphospho-ditrans,octacis-undecaprenol	CC(=CCCC(=CCCC(=CCCC(=CCCC(=CCCC(=CCCC(=CCCC(=CCCC(=CCCC(=CCCC(=CCOP(=O)(O)OP(=O)(O)OC1C(C(C(C(O1)CO)OC2C(C(C(C(O2)CO)O)O)O)O)O)C)C)C)C)C)C)C)C)C)C)C
D-GlcA-beta-(1->2)-D-Man-alpha-(1->3)-D-Glc-beta-(1->4)-D-Glc-alpha-1-diphospho-ditrans,octacis-undecaprenol	CC(=CCCC(=CCCC(=CCCC(=CCCC(=CCCC(=CCCC(=CCCC(=CCCC(=CCCC(=CCCC(=CCOP(=O)(O)OP(=O)(O)OC1C(C(C(C(O1)CO)OC2C(C(C(C(O2)CO)O)OC3C(C(C(C(O3)CO)O)O)OC4C(C(C(C(O4)C(=O)O)O)O)O)O)O)O)C)C)C)C)C)C)C)C)C)C)C
D-Gluconic acid	C(C(C(C(C(C(=O)O)O)O)O)O)O
D-Glucono-1,5-lactone	C(C1C(C(C(C(=O)O1)O)O)O)O
D-Glucono-1,5-lactone 6-phosphate	C(C1C(C(C(C(=O)O1)O)O)O)OP(=O)(O)O
D-Glucosamine	C(C1C(C(C(C(O1)O)N)O)O)O
D-Glucosamine 6-phosphate	C(C1C(C(C(C(O1)O)N)O)O)OP(=O)(O)O
D-Glucose	C(C1C(C(C(C(O1)O)O)O)O)O
D-Glucose 1-phosphate	C(C1C(C(C(C(O1)OP(=O)(O)O)O)O)O)O
D-Glucose 6-phosphate	C(C(C(C(C(C=O)O)O)O)O)OP(=O)(O)O
D-Glucuronate	C1(C(C(OC(C1O)O)C(=O)O)O)O
D-Glutamate	C(CC(=O)O)C(C(=O)O)N
D-Glutamine	C(CC(=O)N)C(C(=O)O)N
D-Glyceraldehyde	C(C(C=O)O)O
D-Glyceraldehyde 3-phosphate	C(C(C=O)O)OP(=O)(O)O
D-Man-alpha-(1->3)-D-Glc-beta-(1->4)-D-Glc-alpha-1-diphospho-ditrans,octacis-undecaprenol	CC(=CCCC(=CCCC(=CCCC(=CCCC(=CCCC(=CCCC(=CCCC(=CCCC(=CCCC(=CCCC(=CCOP(=O)(O)OP(=O)(O)OC1C(C(C(C(O1)CO)OC2C(C(C(C(O2)CO)O)OC3C(C(C(C(O3)CO)O)O)O)O)O)O)C)C)C)C)C)C)C)C)C)C)C
D-Mannose	C(C1C(C(C(C(O1)O)O)O)O)O
D-Mannose 1-phosphate	C(C1C(C(C(C(O1)OP(=O)(O)O)O)O)O)O
D-Mannose 6-phosphate	C(C1C(C(C(C(O1)O)O)O)O)OP(=O)(O)O
D-Phenylalanine	C1=CC=C(C=C1)CC(C(=O)O)N
D-Ribose	C1C(C(C(C(O1)O)O)O)O
D-Ribose 5-phosphate	C(C(C(C(C=O)O)O)O)OP(=O)(O)O
D-Ribulose 5-phosphate	C(C(C(C(=O)CO)O)O)OP(=O)(O)O
D-Xylulose 5-phosphate	C(C(C(C(=O)CO)O)O)OP(=O)(O)O
D-erythro-1-(Imidazol-4-yl)glycerol 3-phosphate	C1=C(NC=N1)C(C(COP(=O)(O)O)O)O
D-erythro-3-Methylmalate	CC(C(C(=O)O)O)C(=O)O
Deamino-NAD+	C1=CC(=C[N+](=C1)C2C(C(C(O2)COP(=O)(O)OP(=O)(O)OCC3C(C(C(O3)N4C=NC5=C(N=CN=C54)N)O)O)O)O)C(=O)O
Decanoyl-[acp]	
Dehydroalanine	C=C(C(=O)O)N
Dehydroascorbate	C(C(C1C(=O)C(=O)C(=O)O1)O)O
Demethylmenaquinol	CC(=CCCC(=CCC1=C(C2=CC=CC=C2C(=C1)O)O)C)C
Deoxyadenosine	C1C(C(OC1N2C=NC3=C(N=CN=C32)N)CO)O
Deoxycytidine	C1C(C(OC1N2C=CC(=NC2=O)N)CO)O
Deoxyguanosine	C1C(C(OC1N2C=NC3=C2N=C(NC3=O)N)CO)O
Deoxyribose	C(C=O)C(C(CO)O)O
Deoxyuridine	C1C(C(OC1N2C=CC(=O)NC2=O)CO)O
Dephospho-CoA	CC(C)(COP(=O)(O)OP(=O)(O)OCC1C(C(C(O1)N2C=NC3=C(N=CN=C32)N)O)O)C(C(=O)NCCC(=O)NCCS)O
Dethiobiotin	CC1C(NC(=O)N1)CCCCCC(=O)O
Dhurrin	C1=CC(=CC=C1C(C#N)OC2C(C(C(C(O2)CO)O)O)O)O
Dialdehyde	COC(=O)C(=CO)C(CC1C2=C(CCN1)C3=CC=CC=C3N2)C(C=C)C=O
Dihydrobiopterin	CC(C(C1=NC2=C(NC1)N=C(NC2=O)N)O)O
Dihydrofolate	C1C(=NC2=C(N1)N=C(NC2=O)N)CNC3=CC=C(C=C3)C(=O)NC(CCC(=O)O)C(=O)O
Dihydropteroate	C1C(=NC2=C(N1)N=C(NC2=O)N)CNC3=CC=C(C=C3)C(=O)O
Diimine	N=N
Dimethylallyl diphosphate	CC(=CCOP(=O)(O)OP(=O)(O)O)C
Diphosphate	[O-]P(=O)([O-])OP(=O)([O-])[O-]
Dodecanoyl-[acyl-carrier protein]	
Dopamine	C1=CC(=C(C=C1CCN)O)O
Dopamine quinone	C1=CC(=O)C(=O)C=C1CCN
Dopaquinone	C1=CC(=O)C(=O)C=C1CC(C(=O)O)N
Dopaxanthin	C1C(NC(=CC1=CC=NC(CC2=CC(=C(C=C2)O)O)C(=O)O)C(=O)O)C(=O)O
Dopaxanthin quinone	C1C(NC(=CC1=CC=NC(CC2=CC(=O)C(=O)C=C2)C(=O)O)C(=O)O)C(=O)O
EPS1	
EPS2	
EPS3	
EPS4	
Ecgonine methyl ester	CN1C2CCC1C(C(C2)O)C(=O)OC
Enoylglutaryl-[acp] methyl ester	
Enoylpimeloyl-[acp] methyl ester	
Ethanol	CCO
Ethanolamine	C(CO)N
FAD	CC1=CC2=C(C=C1C)N(C3=NC(=O)NC(=O)C3=N2)CC(C(C(COP(=O)(O)OP(=O)(O)OCC4C(C(C(O4)N5C=NC6=C(N=CN=C65)N)O)O)O)O)O
FADH2	CC1=CC2=C(C=C1C)N(C3=C(N2)C(=O)NC(=O)N3)CC(C(C(COP(=O)(O)OP(=O)(O)OCC4C(C(C(O4)N5C=NC6=C(N=CN=C65)N)O)O)O)O)O
FMN	CC1=CC2=C(C=C1C)N(C3=NC(=O)NC(=O)C3=N2)CC(C(C(COP(=O)(O)O)O)O)O
Fastidian Gum	
Fatty acid	
Fe2+	[Fe+2]
Fe3+	[Fe+3]
Ferricytochrome c	
Ferrocytochrome c	
Folate	C1=CC(=CC=C1C(=O)NC(CCC(=O)O)C(=O)O)NCC2=CN=C3C(=N2)C(=O)NC(=N3)N
Folinic acid	C1C(N(C2=C(N1)N=C(NC2=O)N)C=O)CNC3=CC=C(C=C3)C(=O)NC(CCC(=O)O)C(=O)O
Formaldehyde	C=O
Formamidopyrimidine nucleoside triphosphate	C(C1C(C(C(O1)NC2=C(C(=O)NC(=N2)N)NC=O)O)O)OP(=O)(O)OP(=O)(O)OP(=O)(O)O
Formate	C(=O)[O-]
Fumarate	C(=CC(=O)[O-])C(=O)[O-]
GA2	
GDP	C1=NC2=C(N1C3C(C(C(O3)COP(=O)(O)OP(=O)(O)O)O)O)N=C(NC2=O)N
GDP-4-dehydro-6-deoxy-D-mannose	CC1C(=O)C(C(C(O1)OP(=O)(O)OP(=O)(O)OCC2C(C(C(O2)N3C=NC4=C3N=C(NC4=O)N)O)O)O)O
GDP-6-deoxy-D-talose	CC1C(C(C(C(O1)OP(=O)(O)OP(=O)(O)OCC2C(C(C(O2)N3C=NC4=C3N=C(NC4=O)N)O)O)O)O)O
GDP-mannose	C1=NC2=C(N1C3C(C(C(O3)COP(=O)(O)OP(=O)(O)OC4C(C(C(C(O4)CO)O)O)O)O)O)N=C(NC2=O)N
GM3	CC1CCC2C1CC3(C4CC2(C3(C(=C4)C(C)C)C(=O)O)C=O)COC5CC6C(C(O5)C)OC(O6)(C)C
GMP	C1=NC2=C(N1C3C(C(C(O3)COP(=O)(O)O)O)O)N=C(NC2=O)N
GTP	C1=NC2=C(N1C3C(C(C(O3)COP(=O)(O)OP(=O)(O)OP(=O)(O)O)O)O)N=C(NC2=O)N
Galactan	
Geranyl diphosphate	CC(=CCCC(=CCOP(=O)(O)OP(=O)(O)O)C)C
Geranylgeranyl diphosphate	CC(=CCCC(=CCCC(=CCCC(=CCOP(=O)(O)OP(=O)(O)O)C)C)C)C
Globoside	
Glutaminyl-tRNA	
Glutaryl-CoA	CC(C)(COP(=O)(O)OP(=O)(O)OCC1C(C(C(O1)N2C=NC3=C(N=CN=C32)N)O)OP(=O)(O)O)C(C(=O)NCCC(=O)NCCSC(=O)CCCC(=O)O)O
Glutaryl-[acp] methyl ester	
Glutathione	C(CC(=O)NC(CS)C(=O)NCC(=O)O)C(C(=O)O)N
Glutathione disulfide	C(CC(=O)NC(CSSCC(C(=O)NCC(=O)O)NC(=O)CCC(C(=O)O)N)C(=O)NCC(=O)O)C(C(=O)O)N
Glutathione episulfonium ion	C1C[S+]1CC(C(=O)NCC(=O)O)NC(=O)CCC(C(=O)O)N
Glutathioselenol	C(CC(=O)NC(CS[Se])C(=O)NCC(=O)O)C(C(=O)O)N
Glycerol	C(C(CO)O)O
Glycerone phosphate	C(C(=O)COP(=O)(O)O)O
Glycine	C(C(=O)O)N
Glycolaldehyde	C(C=O)O
Glycolate	C(C(=O)O)O
Glycyl-tRNA(Gly)	
Glyoxylate	C(=O)C(=O)[O-]
Guanine	C1=NC2=C(N1)C(=O)NC(=N2)N
Guanosine	C1=NC2=C(N1C3C(C(C(O3)CO)O)O)N=C(NC2=O)N
Guanosine 3\',5\'-bis(diphosphate)	
Guanosine 3\'-diphosphate 5\'-triphosphate	
H+	[H+]
H2O	O
HCO3-	C(=O)(O)[O-]
Heme	CC1=C(C2=CC3=C(C(=C([N-]3)C=C4C(=C(C(=N4)C=C5C(=C(C(=N5)C=C1[N-]2)C)C=C)C)C=C)C)CCC(=O)O)CCC(=O)O.[Fe+2]
Heme O	CC1=C(C2=CC3=NC(=CC4=C(C(=C([N-]4)C=C5C(=C(C(=N5)C=C1[N-]2)C=C)C)C(CCC=C(C)CCC=C(C)CCC=C(C)C)O)C)C(=C3CCC(=O)O)C)CCC(=O)O.[Fe+2]
Hexadecanoic acid	CCCCCCCCCCCCCCCC(=O)O
Hexadecanoyl-[acp]	
Hexadecenoyl-[acyl-carrier protein]	
Hexanoyl-[acp]	
Hydrazine	NN
Hydrobromic acid	Br
Hydrochloric acid	Cl
Hydrogen peroxide	OO
Hydrogen selenide	[SeH2]
Hydrogen sulfide	S
Hydroxymethylbilane	C1=C(C(=C(N1)CC2=C(C(=C(N2)CC3=C(C(=C(N3)CC4=C(C(=C(N4)CO)CC(=O)O)CCC(=O)O)CC(=O)O)CCC(=O)O)CC(=O)O)CCC(=O)O)CC(=O)O)CCC(=O)O
Hydroxyproline	C1C(CNC1C(=O)O)O
Hypoxanthine	C1=NC2=C(N1)C(=O)NC=N2
IDP	C1=NC2=C(C(=O)N1)N=CN2C3C(C(C(O3)COP(=O)(O)OP(=O)(O)O)O)O
IMP	C1=NC2=C(C(=O)N1)N=CN2C3C(C(C(O3)COP(=O)(O)O)O)O
ITP	C1=NC2=C(C(=O)N1)N=CN2C3C(C(C(O3)COP(=O)(O)OP(=O)(O)OP(=O)(O)O)O)O
Imidazol-5-yl-pyruvate	C1=C(NC=N1)CC(=O)C(=O)O
Iminoaspartate	C(C(=N)C(=O)O)C(=O)O
Iminoerythrose 4-phosphate	C(C(C(C=N)O)O)OP(=O)(O)O
Iminoglycine	C(=N)C(=O)O
Indole-3-acetaldoxime N-oxide	C1=CC=C2C(=C1)C(=CN2)CC=[N+](O)[O-]
Indoleglycerol phosphate	C1=CC=C2C(=C1)C(=CN2)C(C(COP(=O)(O)O)O)O
Inosine	C1=NC2=C(C(=O)N1)N=CN2C3C(C(C(O3)CO)O)O
Inositol 1-phosphate	C1(C(C(C(C(C1O)O)OP(=O)(O)O)O)O)O
Irinotecan	CCC1=C2CN3C(=CC4=C(C3=O)COC(=O)C4(CC)O)C2=NC5=C1C=C(C=C5)OC(=O)N6CCC(CC6)N7CCCCC7
Isocitrate	C(C(C(C(=O)O)O)C(=O)O)C(=O)O
Isoniazid	C1=CN=CC=C1C(=O)NN
Isonicotinic acid	C1=CN=CC=C1C(=O)O
Isonicotinoyl radical	C1=CN=CC=C1[C]=O
Isopentenyl diphosphate	CC(=C)CCOP(=O)(O)OP(=O)(O)O
Isophosphoramide mustard	C(CCl)NP(=O)(NCCCl)O
Itaconate	C=C(CC(=O)O)C(=O)O
Itaconyl-CoA	CC(C)(COP(=O)(O)OP(=O)(O)OCC1C(C(C(O1)N2C=NC3=C(N=CN=C32)N)O)OP(=O)(O)O)C(C(=O)NCCC(=O)NCCSC(=O)CC(=C)C(=O)O)O
KDO2-lipid A	CCCCCCCCCCCCCC(=O)OC(CCCCCCCCCCC)CC(=O)OC1C(C(OC(C1OP(=O)(O)O)COC2(CC(C(C(O2)C(CO)O)O)OC3(CC(C(C(O3)C(CO)O)O)O)C(=O)O)C(=O)O)OCC4C(C(C(C(O4)OP(=O)(O)O)NC(=O)CC(CCCCCCCCCCC)O)OC(=O)CC(CCCCCCCCCCC)O)O)NC(=O)CC(CCCCCCCCCCC)OC(=O)CCCCCCCCCCC
KDO2-lipid IVA	CCCCCCCCCCCC(CC(=O)NC1C(C(C(OC1OP(=O)(O)O)COC2C(C(C(C(O2)COC3(CC(C(C(O3)C(CO)O)O)OC4(CC(C(C(O4)C(CO)O)O)O)C(=O)O)C(=O)O)OP(=O)(O)O)OC(=O)CC(CCCCCCCCCCC)O)NC(=O)CC(CCCCCCCCCCC)O)O)OC(=O)CC(CCCCCCCCCCC)O)O
L-1-Pyrroline-3-hydroxy-5-carboxylate	C1C(C=NC1C(=O)O)O
L-2-Amino-3-oxobutanoic acid	CC(=O)C(C(=O)O)N
L-3,4-Dihydroxybutan-2-one 4-phosphate	CC(=O)C(COP(=O)(O)O)O
L-Alanine	CC(C(=O)O)N
L-Alanyl-gamma-D-glutamyl-meso-2,6-diaminoheptanedioate	CC(C(=O)NC(CCC(=O)NC(CCCC(C(=O)O)N)C(=O)O)C(=O)O)N
L-Alanyl-tRNA	
L-Allothreonine	CC(C(C(=O)O)N)O
L-Arginine	C(CC(C(=O)O)N)CN=C(N)N
L-Arginyl-tRNA(Arg)	
L-Arogenate	C1=CC(C=CC1O)(CC(C(=O)[O-])[NH3+])C(=O)[O-]
L-Asparagine	C(C(C(=O)O)N)C(=O)N
L-Asparaginyl-tRNA(Asn)	
L-Aspartate	C(C(C(=O)O)N)C(=O)O
L-Aspartate 4-semialdehyde	C(C=O)C(C(=O)[O-])[NH3+]
L-Aspartyl-tRNA(Asp)	
L-Citrulline	C(CC(C(=O)O)N)CNC(=O)N
L-Cystathionine	C(CSCC(C(=O)O)N)C(C(=O)O)N
L-Cysteine	C(C(C(=O)O)N)S
L-Cysteinyl-tRNA(Cys)	
L-Dopachrome	C1C(NC2=CC(=O)C(=O)C=C21)C(=O)O
L-Glutamate	C(CC(=O)O)C(C(=O)O)N
L-Glutamate 5-semialdehyde	C(CC(C(=O)O)N)C=O
L-Glutamine	C(CC(=O)N)C(C(=O)O)N
L-Glutamyl 5-phosphate	C(CC(=O)OP(=O)(O)O)C(C(=O)O)N
L-Glutamyl-tRNA(Glu)	
L-Gulonate	C(C(C(C(C(C(=O)[O-])O)O)O)O)O
L-Gulono-1,4-lactone	C(C(C1C(C(C(=O)O1)O)O)O)O
L-Histidinal	C1=C(NC=N1)CC(C=O)N
L-Histidine	C1=C(NC=N1)CC(C(=O)O)N
L-Histidinol	C1=C(NC=N1)CC(CO)N
L-Histidinol phosphate	C1=C(NC=N1)CC(COP(=O)(O)O)N
L-Histidyl-tRNA(His)	
L-Homocysteine	C(CS)C(C(=O)O)N
L-Homoserine	C(CO)C(C(=O)O)N
L-Isoleucine	CCC(C)C(C(=O)O)N
L-Isoleucyl-tRNA(Ile)	
L-Leucine	CC(C)CC(C(=O)O)N
L-Leucyl-tRNA	
L-Lysine	C(CCN)CC(C(=O)O)N
L-Lysyl-tRNA	
L-Methionine	CSCCC(C(=O)O)N
L-Methionine (R)-S-oxide	CS(=O)CCC(C(=O)O)N
L-Methionine (S)-S-oxide	CS(=O)CCC(C(=O)O)N
L-Methionine S-oxide	CS(=O)CCC(C(=O)O)N
L-Methionyl-tRNA	
L-Ornithine	C(CC(C(=O)O)N)CN
L-Phenylalanine	C1=CC=C(C=C1)CC(C(=O)O)N
L-Phenylalanyl-tRNA(Phe)	
L-Proline	C1CC(NC1)C(=O)O
L-Prolyl-tRNA(Pro)	
L-Selenocystathionine	C(C[Se]CC(C(=O)O)N)C(C(=O)O)N
L-Selenocysteine	C(C(C(=O)O)N)[Se]
L-Selenomethionine	C[Se]CCC(C(=O)O)N
L-Serine	C(C(C(=O)O)N)O
L-Seryl-tRNA(Ser)	
L-Threonine	CC(C(C(=O)O)N)O
L-Threonyl-tRNA(Thr)	
L-Threonylcarbamoyladenylate	CC(C(C(=O)O)NC(=O)OP(=O)(O)OCC1C(C(C(O1)N2C=NC3=C(N=CN=C32)N)O)O)O
L-Tryptophan	C1=CC=C2C(=C1)C(=CN2)CC(C(=O)O)N
L-Tryptophanyl-tRNA(Trp)	
L-Tyrosine	C1=CC(=CC=C1CC(C(=O)O)N)O
L-Tyrosyl-tRNA(Tyr)	
L-Valine	CC(C)C(C(=O)O)N
L-Valyl-tRNA(Val)	
L-xylo-Hexulonolactone	C(C(C1C(C(=O)C(=O)O1)O)O)O
LL-2,6-Diaminoheptanedioate	C(CC(C(=O)O)N)CC(C(=O)O)N
Lactose	C(C1C(C(C(C(O1)OC2C(OC(C(C2O)O)O)CO)O)O)O)O
Lauroyl-KDO2-lipid IV(A)	CCCCCCCCCCCC(CC(=O)NC1C(C(C(OC1OP(=O)(O)O)COC2C(C(C(C(O2)COC3(CC(C(C(O3)C(CO)O)O)OC4(CC(C(C(O4)C(CO)O)O)O)C(=O)O)C(=O)O)OP(=O)(O)O)OC(=O)CC(CCCCCCCCCCC)O)NC(=O)CC(CCCCCCCCCCC)OC(=O)CCCCCCCCCCC)O)OC(=O)CC(CCCCCCCCCCC)O)O
LesA	
Leukotriene A4	CCCCCC=CCC=CC=CC=CC1C(O1)CCCC(=O)O
Leukotriene B4	CCCCCC=CCC(C=CC=CC=CC(CCCC(=O)O)O)O
Linamarin	CC(C)(C#N)OC1C(C(C(C(O1)CO)O)O)O
Linoleoyl-[acyl-carrier protein]	
Lipid A disaccharide	CCCCCCCCCCCC(CC(=O)NC1C(C(C(OC1OCC2C(C(C(C(O2)OP(=O)(O)O)NC(=O)CC(CCCCCCCCCCC)O)OC(=O)CC(CCCCCCCCCCC)O)O)CO)O)OC(=O)CC(CCCCCCCCCCC)O)O
Lipid IIA	CCCCCCCCCCCC(CC(=O)NC1C(C(C(OC1OP(=O)(O)OC2C(C(C(CO2)N)O)O)COC3C(C(C(C(O3)CO)OP(=O)(O)O)OC(=O)CC(CCCCCCCCCCC)O)NC(=O)CC(CCCCCCCCCCC)O)O)OC(=O)CC(CCCCCCCCCCC)O)O
Lipid IIB	CCCCCCCCCCCCCCCC(=O)OC(CCCCCCCCCCC)CC(=O)NC1C(C(C(OC1OP(=O)(O)OC2C(C(C(CO2)N)O)O)COC3C(C(C(C(O3)CO)OP(=O)(O)O)OC(=O)CC(CCCCCCCCCCC)O)NC(=O)CC(CCCCCCCCCCC)O)O)OC(=O)CC(CCCCCCCCCCC)O
Lipid IVB	CCCCCCCCCCCCCCCC(=O)OC(CCCCCCCCCCC)CC(=O)NC1C(C(C(OC1OP(=O)(O)O)COC2C(C(C(C(O2)CO)OP(=O)(O)O)OC(=O)CC(CCCCCCCCCCC)O)NC(=O)CC(CCCCCCCCCCC)O)O)OC(=O)CC(CCCCCCCCCCC)O
Lipid X	CCCCCCCCCCCC(CC(=O)NC1C(C(C(OC1OP(=O)(O)O)CO)O)OC(=O)CC(CCCCCCCCCCC)O)O
Lotaustralin	CCC(C)(C#N)OC1C(C(C(C(O1)CO)O)O)O
M8299_Fastidian Gum_C26H41O25P	
M8300_Coupled Biomass_R	
M8307_Xanthomonadin_R	
M8308_Chitin_C32H54N4O21	
M8309_LesA_C2072H3250N562O601S13	
Malonyl-CoA	CC(C)(COP(=O)(O)OP(=O)(O)OCC1C(C(C(O1)N2C=NC3=C(N=CN=C32)N)O)OP(=O)(O)O)C(C(=O)NCCC(=O)NCCSC(=O)CC(=O)O)O
Malonyl-[acp] methyl ester	
Malonyl-[acyl-carrier protein]	
Mandelonitrile	C1=CC=C(C=C1)C(C#N)O
Menaquinol	CC1=C(C2=CC=CC=C2C(=C1CC=C(C)CCC=C(C)C)O)O
Menaquinone	
Methaneselenol	C[Se]
Methanol	CO
Methylglyoxal	CC(=O)C=O
Methylselenic acid	C[Se](=O)O
Miraxanthin-V	C1C(NC(=CC1=CC=NCCC2=CC(=C(C=C2)O)O)C(=O)O)C(=O)O
Monodehydroascorbate	C(C(C1C(=O)C(=C(O1)[O])O)O)O
MurAc(oyl-L-Ala-D-gamma-Glu-L-Lys-D-Ala-D-Ala)-diphospho-undecaprenol	CC(C(=O)NC(CCC(=O)NC(CCCCN)C(=O)NC(C)C(=O)NC(C)C(=O)O)C(=O)O)NC(=O)C(C)OC1C(C(OC(C1O)CO)OP(=O)(O)OP(=O)(O)OCC=C(C)CCC=C(C)CCC=C(C)CCC=C(C)CCC=C(C)CCC=C(C)CCC=C(C)CCC=C(C)CCC=C(C)CCC=C(C)CCC=C(C)C)NC(=O)C
N-((R)-Pantothenoyl)-L-cysteine	CC(C)(CO)C(C(=O)NCCC(=O)NC(CS)C(=O)O)O
N-(5-Phospho-D-ribosyl)anthranilate	C1=CC=C(C(=C1)C(=O)O)NC2C(C(C(O2)COP(=O)(O)O)O)O
N-(5\'-Phospho-D-1\'-ribulosylformimino)-5-amino-1-(5\'\'-phospho-D-ribosyl)-4-imidazolecarboxamide	
N-(L-Arginino)succinate	C(CC(C(=O)O)N)CN=C(N)NC(CC(=O)O)C(=O)O
N-Acetyl-D-galactosamine	CC(=O)NC1C(C(C(OC1O)CO)O)O
N-Acetyl-D-galactosamine 6-phosphate	CC(=O)NC1C(C(C(OC1O)COP(=O)(O)O)O)O
N-Acetyl-D-galactosaminyl-(N-acetylneuraminyl)-D-galactosyl-D-glucosylceramide	
N-Acetyl-D-glucosamine	CC(=O)NC1C(C(C(OC1O)CO)O)O
N-Acetyl-D-glucosamine 6-phosphate	CC(=O)NC1C(C(C(OC1O)COP(=O)(O)O)O)O
N-Acetyl-L-aspartate	CC(=O)NC(CC(=O)O)C(=O)O
N-Acetyl-L-citrulline	CC(=O)NC(CCCNC(=O)N)C(=O)O
N-Acetyl-L-glutamate	CC(=O)NC(CCC(=O)O)C(=O)O
N-Acetyl-L-glutamate 5-phosphate	CC(=O)NC(CCC(=O)OP(=O)(O)O)C(=O)O
N-Acetyl-L-glutamate 5-semialdehyde	CC(=O)NC(CCC=O)C(=O)O
N-Acetyl-alpha-D-glucosamine 1-phosphate	CC(=O)NC1C(C(C(OC1OP(=O)(O)O)CO)O)O
N-Acetyl-beta-muramate 6-phosphate	CC(C(=O)[O-])OC1C(C(OC(C1O)COP(=O)([O-])[O-])O)NC(=O)C
N-Acetylaspartylglutamate	CC(=O)NC(CC(=O)O)C(=O)NC(CCC(=O)O)C(=O)O
N-Acetylaspartylglutamylglutamate	CC(=O)NC(CC(=O)O)C(=O)NC(CCC(=O)O)C(=O)NC(CCC(=O)O)C(=O)O
N-Acetylisoniazid	CC(=O)NNC(=O)C1=CC=NC=C1
N-Acetylmuramate	CC(C(=O)O)OC1C(C(OC(C1O)CO)O)NC(=O)C
N-Acetylmuramic acid alpha-1-phosphate	CC(C(=O)O)OC1C(C(OC(C1O)CO)OP(=O)(O)O)NC(=O)C
N-Acetylmuramoyl-Ala	CC(C(=O)O)NC(=O)C(C)OC1C(C(OC(C1O)CO)O)NC(=O)C
N-Acetylornithine	CC(=O)NC(CCCN)C(=O)O
N-Carbamoyl-L-aspartate	C(C(C(=O)O)NC(=O)N)C(=O)O
N-Carbamoylputrescine	C(CCNC(=O)N)CN
N-Succinyl-2-L-amino-6-oxoheptanedioate	C(CC(C(=O)O)NC(=O)CCC(=O)O)CC(=O)C(=O)O
N-Succinyl-LL-2,6-diaminoheptanedioate	C(CC(C(=O)O)N)CC(C(=O)O)NC(=O)CCC(=O)O
N6-(1,2-Dicarboxyethyl)-AMP	C1=NC(=C2C(=N1)N(C=N2)C3C(C(C(O3)COP(=O)(O)O)O)O)NC(CC(=O)O)C(=O)O
NAD+	C1=CC(=C[N+](=C1)C2C(C(C(O2)COP(=O)([O-])OP(=O)(O)OCC3C(C(C(O3)N4C=NC5=C(N=CN=C54)N)O)O)O)O)C(=O)N
NADH	C1C=CN(C=C1C(=O)N)C2C(C(C(O2)COP(=O)(O)OP(=O)(O)OCC3C(C(C(O3)N4C=NC5=C(N=CN=C54)N)O)O)O)O
NADP+	C1=CC(=C[N+](=C1)C2C(C(C(O2)COP(=O)(O)OP(=O)(O)OCC3C(C(C(O3)N4C=NC5=C(N=CN=C54)N)OP(=O)(O)O)O)O)O)C(=O)N
NADPH	C1C=CN(C=C1C(=O)N)C2C(C(C(O2)COP(=O)(O)OP(=O)(O)OCC3C(C(C(O3)N4C=NC5=C(N=CN=C54)N)OP(=O)(O)O)O)O)O
NPC	CCC1=C2CN3C(=CC4=C(C3=O)COC(=O)C4(CC)O)C2=NC5=C1C=C(C=C5)OC(=O)N6CCC(CC6)N
Nicotinamide D-ribonucleotide	C1=CC(=C[N+](=C1)C2C(C(C(O2)COP(=O)(O)[O-])O)O)C(=O)N
Nicotinamide-beta-riboside	C1=CC(=C[N+](=C1)C2C(C(C(O2)CO)O)O)C(=O)N
Nicotinate	C1=CC(=CN=C1)C(=O)[O-]
Nicotinate D-ribonucleoside	
Nicotinate D-ribonucleotide	C1=CC(=C[N+](=C1)C2C(C(C(O2)COP(=O)(O)O)O)O)C(=O)O
Nitrate	[N+](=O)([O-])[O-]
Nitric oxide	[N]=O
Nitrite	N(=O)[O-]
Nitroxyl	N=O
O-Acetyl-L-homoserine	CC(=O)OCCC(C(=O)O)N
O-Phospho-4-hydroxy-L-threonine	C(C(C(C(=O)O)N)O)OP(=O)(O)O
O-Phospho-L-homoserine	C(COP(=O)(O)O)C(C(=O)O)N
O-Phospho-L-serine	C(C(C(=O)O)N)OP(=O)(O)O
O-Phosphorylhomoserine	C(COP(=O)(O)O)C(C(=O)O)N
O-Succinyl-L-homoserine	C(COC(=O)CCC(=O)O)C(C(=O)O)N
O2.-	[O-][O]
Octadecanoyl-[acyl-carrier protein]	
Octanoyl-[acp]	
Oleoyl-[acyl-carrier protein]	
Ophthalmate	CCC(C(=O)NCC(=O)[O-])NC(=O)CCC(C(=O)[O-])[NH3+]
Orotate	C1=C(NC(=O)NC1=O)C(=O)[O-]
Orotidine 5\'-phosphate	
Orthophosphate	[O-]P(=O)([O-])[O-]
Oxaloacetate	C(C(=O)C(=O)O)C(=O)O
Oxalosuccinate	C(C(C(=O)C(=O)O)C(=O)O)C(=O)O
Oxidized ferredoxin	
Oxidized flavodoxin	
Oxidized polyvinyl alcohol	
Oxygen	O=O
P1,P4-Bis(5\'-adenosyl)tetraphosphate	
Palmitoleoyl-myristoyl-KDO2-lipid A	CCCCCCCCCCCCCC(=O)OC(CCCCCCCCCCC)CC(=O)OC1C(C(OC(C1OP(=O)(O)O)COC2(CC(C(C(O2)C(CO)O)O)OC3(CC(C(C(O3)C(CO)O)O)O)C(=O)O)C(=O)O)OCC4C(C(C(C(O4)OP(=O)(O)O)NC(=O)CC(CCCCCCCCCCC)O)OC(=O)CC(CCCCCCCCCCC)O)O)NC(=O)CC(CCCCCCCCCCC)OC(=O)CCCCCCCC=CCCCCCC
Palmitoyl-CoA	CCCCCCCCCCCCCCCC(=O)SCCNC(=O)CCNC(=O)C(C(C)(C)COP(=O)(O)OP(=O)(O)OCC1C(C(C(O1)N2C=NC3=C(N=CN=C32)N)O)OP(=O)(O)O)O
Pantetheine	CC(C)(CO)C(C(=O)NCCC(=O)NCCS)O
Pantetheine 4\'-phosphate	
Pantothenate	CC(C)(CO)C(C(=O)NCCC(=O)O)O
Pectate	C1(C(C(OC(C1O)O)C(=O)O)O)O
Phenazine	C1=CC=C2C(=C1)N=C3C=CC=CC3=N2
Phenazine-1,6-dicarboxylic acid	C1=CC(=C2C(=C1)N=C3C(=N2)C=CC=C3C(=O)O)C(=O)O
Phenazine-1-carboxylate	C1=CC=C2C(=C1)N=C3C=CC=C(C3=N2)C(=O)[O-]
Phenylpyruvate	C1=CC=C(C=C1)CC(=O)C(=O)O
Phosphatidate	
Phosphatidylethanolamine	CC(=O)OCC(COP(=O)(O)OCCN)OC(=O)C
Phosphatidylglycerol	CCC.CCO.C(C(COP(=O)(O)O)O)O
Phosphatidylglycerophosphate	
Phosphatidylserine	CCCCCCCCCCCCCCCCCC(=O)OCC(COP(=O)(O)OCC(C(=O)O)N)OC(=O)CCCCCCCCCCCCCCCCC
Phosphoenol-4-deoxy-3-tetrulosonate	C=C(C(C(=O)O)O)OP(=O)(O)O
Phosphoenolpyruvate	C=C(C(=O)O)OP(=O)(O)O
Phosphoramide mustard	C(CCl)N(CCCl)P(=O)(N)O
Phosphoribosyl-AMP	C1=NC2=C(N1C3C(C(C(O3)COP(=O)(O)O)O)O)N=CN(C2=N)C4C(C(C(O4)COP(=O)(O)O)O)O
Phylloquinol	CC1=C(C2=CC=CC=C2C(=C1CC=C(C)CCCC(C)CCCC(C)CCCC(C)C)O)O
Phylloquinone	CC1=C(C(=O)C2=CC=CC=C2C1=O)CC=C(C)CCCC(C)CCCC(C)CCCC(C)C
Pimeloyl-[acyl-carrier protein]	
Pimeloyl-[acyl-carrier protein] methyl ester	
Polyvinyl alcohol	
Porphobilinogen	C1=C(C(=C(N1)CN)CC(=O)O)CCC(=O)O
Portulacaxanthin II	C1C(NC(=CC1=CC=NC(CC2=CC=C(C=C2)O)C(=O)O)C(=O)O)C(=O)O
Precorrin 2	CC1(C(C2=CC3=NC(=CC4=C(C(=C(N4)CC5=C(C(=C(N5)C=C1N2)CC(=O)O)CCC(=O)O)CCC(=O)O)CC(=O)O)C(C3(C)CC(=O)O)CCC(=O)O)CCC(=O)O)CC(=O)O
Prephenate	C1=CC(C=CC1O)(CC(=O)C(=O)O)C(=O)O
Propanoate	CCC(=O)[O-]
Propanoyl-CoA	CCC(=O)SCCNC(=O)CCNC(=O)C(C(C)(C)COP(=O)(O)OP(=O)(O)OCC1C(C(C(O1)N2C=NC3=C(N=CN=C32)N)O)OP(=O)(O)O)O
Propenoyl-CoA	CC(C)(COP(=O)(O)OP(=O)(O)OCC1C(C(C(O1)N2C=NC3=C(N=CN=C32)N)O)OP(=O)(O)O)C(C(=O)NCCC(=O)NCCSC(=O)C=C)O
Propionyladenylate	CCC(=O)OP(=O)(O)OCC1C(C(C(O1)N2C=NC3=C(N=CN=C32)N)O)O
Protein N6-(octanoyl)lysine	
Protoporphyrin	CC1=C(C2=CC3=NC(=CC4=NC(=CC5=C(C(=C(N5)C=C1N2)C=C)C)C(=C4CCC(=O)O)C)C(=C3C)CCC(=O)O)C=C
Protoporphyrinogen IX	CC1=C2CC3=C(C(=C(N3)CC4=C(C(=C(N4)CC5=C(C(=C(N5)CC(=C1CCC(=O)O)N2)CCC(=O)O)C)C=C)C)C=C)C
Prunasin	C1=CC=C(C=C1)C(C#N)OC2C(C(C(C(O2)CO)O)O)O
Putrescine	C(CCN)CN
Pyridoxal	CC1=NC=C(C(=C1O)C=O)CO
Pyridoxal phosphate	CC1=NC=C(C(=C1O)C=O)COP(=O)(O)O
Pyridoxamine	CC1=NC=C(C(=C1O)CN)CO
Pyridoxamine phosphate	CC1=NC=C(C(=C1O)CN)COP(=O)(O)O
Pyridoxine	CC1=NC=C(C(=C1O)CO)CO
Pyridoxine phosphate	CC1=NC=C(C(=C1O)CO)COP(=O)(O)O
Pyruvate	CC(=O)C(=O)[O-]
Quinolinate	C1=CC(=C(N=C1)C(=O)O)C(=O)O
R-S-Cysteinylglycine	
R-S-Glutathione	
Reduced Vitamin K	CC1=C(C2=CC=CC=C2C(=C1CC=C(C)CCCC(C)CCCC(C)CCCC(C)C)O)O
Reduced ferredoxin	
Reduced flavodoxin	
Riboflavin	CC1=CC2=C(C=C1C)N(C3=NC(=O)NC(=O)C3=N2)CC(C(C(CO)O)O)O
S-(1,2-Dichlorovinyl)glutathione	C(CC(=O)NC(CSC(=CCl)Cl)C(=O)NCC(=O)O)C(C(=O)O)N
S-(2,2-Dichloro-1-hydroxy)ethyl glutathione	C(CC(=O)NC(CSC(C(Cl)Cl)O)C(=O)NCC(=O)O)C(C(=O)O)N
S-(2-Chloroacetyl)glutathione	C(CC(=O)NC(CSC(=O)CCl)C(=O)NCC(=O)O)C(C(=O)O)N
S-(2-Hydroxyacyl)glutathione	
S-(Formylmethyl)glutathione	C(CC(=O)NC(CSCC=O)C(=O)NCC(=O)O)C(C(=O)O)N
S-(Hydroxymethyl)glutathione	C(CC(=O)NC(CSCO)C(=O)NCC(=O)O)C(C(=O)O)N
S-Adenosyl-4-methylthio-2-oxobutanoate	C[S+](CCC(=O)C(=O)O)CC1C(C(C(O1)N2C=NC3=C(N=CN=C32)N)O)O
S-Adenosyl-L-homocysteine	C1=NC(=C2C(=N1)N(C=N2)C3C(C(C(O3)CSCCC(C(=O)O)N)O)O)N
S-Adenosyl-L-methionine	C[S+](CCC(C(=O)[O-])N)CC1C(C(C(O1)N2C=NC3=C(N=CN=C32)N)O)O
S-Adenosylmethioninamine	C[S+](CCCN)CC1C(C(C(O1)N2C=NC3=C(N=CN=C32)N)O)O
S-Inosyl-L-homocysteine	C1=NC2=C(C(=O)N1)N=CN2C3C(C(C(O3)CSCCC(C(=O)O)N)O)O
S-Methyl-5-thio-D-ribose 1-phosphate	CSCC1C(C(C(O1)OP(=O)(O)O)O)O
S-Methyl-5-thio-D-ribulose 1-phosphate	CSCC(C(C(=O)COP(=O)(O)O)O)O
S-Sulfinatoglutathione	C(CC(=O)NC(CSS(=O)[O-])C(=O)NCC(=O)[O-])C(C(=O)[O-])[NH3+]
S-[(E)-N-Hydroxy(indol-3-yl)acetimidoyl]-L-glutathione	C1=CC=C2C(=C1)C(=CN2)CC(=NO)SCC(C(=O)NCC(=O)O)NC(=O)CCC(C(=O)O)N
S-[(Z)-N-Hydroxy(phenyl)acetimidoyl]-L-glutathione	C1=CC=C(C=C1)CC(=NO)SCC(C(=O)NCC(=O)O)NC(=O)CCC(C(=O)O)N
SN-38	CCC1=C2CN3C(=CC4=C(C3=O)COC(=O)C4(CC)O)C2=NC5=C1C=C(C=C5)O
Se-Adenosyl-L-selenohomocysteine	C1=NC(=C2C(=N1)N(C=N2)C3C(C(C(O3)C[Se]CCC(C(=O)O)N)O)O)N
Sedoheptulose 1,7-bisphosphate	C(C(C(C(C(C(=O)COP(=O)(O)O)O)O)O)O)OP(=O)(O)O
Sedoheptulose 7-phosphate	C(C(C(C(C(C(=O)CO)O)O)O)O)OP(=O)(O)O
Selenate	[O-][Se](=O)(=O)[O-]
Selenite	[O-][Se](=O)[O-]
Selenodiglutathione	C(CC(=O)NC(CS[Se]SCC(C(=O)NCC(=O)O)NC(=O)CCC(C(=O)O)N)C(=O)NCC(=O)O)C(C(=O)O)N
Selenohomocysteine	
Selenomethionyl-tRNA(Met)	
Shikimate	C1C(C(C(C=C1C(=O)O)O)O)O
Shikimate 3-phosphate	C1C(C(C(C=C1C(=O)O)OP(=O)(O)O)O)O
Siroheme	CC1(C(C2=NC1=CC3=NC(=CC4=C(C(=C([N-]4)C=C5C(=C(C(=C2)[N-]5)CC(=O)O)CCC(=O)O)CCC(=O)O)CC(=O)O)C(C3CCC(=O)O)(C)CC(=O)O)CCC(=O)O)CC(=O)O.[Fe]
Sirohydrochlorin	CC1(C(C2=NC1=CC3=NC(=CC4=C(C(=C(N4)C=C5C(=C(C(=C2)N5)CC(=O)O)CCC(=O)O)CCC(=O)O)CC(=O)O)C(C3CCC(=O)O)(C)CC(=O)O)CCC(=O)O)CC(=O)O
Spermidine	C(CCNCCCN)CN
Spermine	C(CCNCCCN)CNCCCN
Strictosidine aglycone	COC(=O)C1=COC(C(C1CC2C3=C(CCN2)C4=CC=CC=C4N3)C=C)O
Succinate	C(CC(=O)[O-])C(=O)[O-]
Succinyl-CoA	CC(C)(COP(=O)(O)OP(=O)(O)OCC1C(C(C(O1)N2C=NC3=C(N=CN=C32)N)O)OP(=O)(O)O)C(C(=O)NCCC(=O)NCCSC(=O)CCC(=O)O)O
Sulfate	[O-]S(=O)(=O)[O-]
Sulfite	[O-]S(=O)[O-]
Sulfoquinovose	C(C1C(C(C(C(O1)O)O)O)O)S(=O)(=O)O
Sulfur-carrier protein	
Sulfuric monoester	
THF-L-glutamate	C1C(NC2=C(N1)N=C(NC2=O)N)CNC3=CC=C(C=C3)C(=O)NC(CCC(=O)NC(CCC(=O)O)C(=O)O)C(=O)O
Tetradecanoyl-[acp]	
Tetrahydrobiopterin	CC(C(C1CNC2=C(N1)C(=O)NC(=N2)N)O)O
Tetrahydrofolate	C1C(NC2=C(N1)N=C(NC2=O)N)CNC3=CC=C(C=C3)C(=O)NC(CCC(=O)O)C(=O)O
Tetrahydropteroyltri-L-glutamate	C1C(NC2=C(N1)N=C(NC2=O)N)CNC3=CC=C(C=C3)C(=O)NC(CCC(=O)NC(CCC(=O)NC(CCC(=O)O)C(=O)O)C(=O)O)C(=O)O
Thiamin diphosphate	CC1=C(SC=[N+]1CC2=CN=C(N=C2N)C)CCOP(=O)(O)OP(=O)(O)O
Thiamin monophosphate	CC1=C(SC=[N+]1CC2=CN=C(N=C2N)C)CCOP(=O)(O)O
Thiamin triphosphate	CC1=C(SC=[N+]1CC2=CN=C(N=C2N)C)CCOP(=O)(O)OP(=O)(O)OP(=O)(O)O
Thiocarboxy-[sulfur-carrier protein]	
Thioguanine	C1=NC2=C(N1)C(=S)N=C(N2)N
Thioredoxin	
Thioredoxin disulfide	
Thymidine	CC1=CN(C(=O)NC1=O)C2CC(C(O2)CO)O
Trichloroethene	C(=C(Cl)Cl)Cl
Triphosphate	
Trypanothione	C1CCNC(=O)CNC(=O)C(CSSCC(C(=O)NCC(=O)NCCCNC1)NC(=O)CCC(C(=O)O)N)NC(=O)CCC(C(=O)O)N
Trypanothione disulfide	C1CCNC(=O)CNC(=O)C(CSSCC(C(=O)NCC(=O)NCCCNC1)NC(=O)CCC(C(=O)O)N)NC(=O)CCC(C(=O)O)N
Tryparedoxin	
Tryparedoxin disulfide	
UDP	C1=CN(C(=O)NC1=O)C2C(C(C(O2)COP(=O)(O)OP(=O)(O)O)O)O
UDP-2,3-bis(3-hydroxytetradecanoyl)glucosamine	CCCCCCCCCCCC(CC(=O)NC1C(C(C(OC1OP(=O)(O)OP(=O)(O)OCC2C(C(C(O2)N3C=CC(=O)NC3=O)O)O)CO)O)OC(=O)CC(CCCCCCCCCCC)O)O
UDP-3-O-(3-hydroxytetradecanoyl)-D-glucosamine	CCCCCCCCCCCC(CC(=O)OC1C(C(OC(C1O)CO)OP(=O)(O)OP(=O)(O)OCC2C(C(C(O2)N3C=CC(=O)NC3=O)O)O)N)O
UDP-3-O-(3-hydroxytetradecanoyl)-N-acetylglucosamine	CCCCCCCCCCCC(CC(=O)OC1C(C(OC(C1O)CO)OP(=O)([O-])OP(=O)([O-])OCC2C(C(C(O2)N3C=CC(=O)NC3=O)O)O)NC(=O)C)O
UDP-D-xylose	C1C(C(C(C(O1)OP(=O)(O)OP(=O)(O)OCC2C(C(C(O2)N3C=CC(=O)NC3=O)O)O)O)O)O
UDP-N-acetyl-3-(1-carboxyvinyl)-D-glucosamine	CC(=O)NC1C(C(C(OC1OP(=O)(O)OP(=O)(O)OCC2C(C(C(O2)N3C=CC(=O)NC3=O)O)O)CO)O)OC(=C)C(=O)O
UDP-N-acetyl-D-mannosamine	CC(=O)NC1C(C(C(OC1OP(=O)(O)OP(=O)(O)OCC2C(C(C(O2)N3C=CC(=O)NC3=O)O)O)CO)O)O
UDP-N-acetyl-D-mannosaminouronate	CC(=O)NC1C(C(C(OC1OP(=O)([O-])OP(=O)([O-])OCC2C(C(C(O2)N3C=CC(=O)NC3=O)O)O)C(=O)[O-])O)O
UDP-N-acetyl-alpha-D-glucosamine	CC(=O)NC1C(C(C(OC1OP(=O)(O)OP(=O)(O)OCC2C(C(C(O2)N3C=CC(=O)NC3=O)O)O)CO)O)O
UDP-N-acetylmuramate	CC(C(=O)O)OC1C(C(OC(C1O)CO)OP(=O)(O)OP(=O)(O)OCC2C(C(C(O2)N3C=CC(=O)NC3=O)O)O)NC(=O)C
UDP-N-acetylmuramoyl-L-alanine	CC(C(=O)O)NC(=O)C(C)OC1C(C(OC(C1O)CO)OP(=O)(O)OP(=O)(O)OCC2C(C(C(O2)N3C=CC(=O)NC3=O)O)O)NC(=O)C
UDP-N-acetylmuramoyl-L-alanyl-D-glutamate	CC(C(=O)NC(CCC(=O)O)C(=O)O)NC(=O)C(C)OC1C(C(OC(C1O)CO)OP(=O)(O)OP(=O)(O)OCC2C(C(C(O2)N3C=CC(=O)NC3=O)O)O)NC(=O)C
UDP-N-acetylmuramoyl-L-alanyl-D-glutamyl-6-carboxy-L-lysyl-D-alanyl-D-alanine	CC(C(=O)NC(CCC(=O)NC(CCCC(C(=O)O)N)C(=O)NC(C)C(=O)NC(C)C(=O)O)C(=O)O)NC(=O)C(C)OC1C(C(OC(C1O)CO)OP(=O)(O)OP(=O)(O)OCC2C(C(C(O2)N3C=CC(=O)NC3=O)O)O)NC(=O)C
UDP-N-acetylmuramoyl-L-alanyl-gamma-D-glutamyl-L-lysine	CC(C(=O)NC(CCC(=O)NC(CCCCN)C(=O)O)C(=O)O)NC(=O)C(C)OC1C(C(OC(C1O)CO)OP(=O)(O)OP(=O)(O)OCC2C(C(C(O2)N3C=CC(=O)NC3=O)O)O)NC(=O)C
UDP-N-acetylmuramoyl-L-alanyl-gamma-D-glutamyl-meso-2,6-diaminopimelate	CC(C(=O)NC(CCC(=O)NC(CCCC(C(=O)O)N)C(=O)O)C(=O)O)NC(=O)C(C)OC1C(C(OC(C1O)CO)OP(=O)(O)OP(=O)(O)OCC2C(C(C(O2)N3C=CC(=O)NC3=O)O)O)NC(=O)C
UDP-glucose	C1=CN(C(=O)NC1=O)C2C(C(C(O2)COP(=O)(O)OP(=O)(O)OC3C(C(C(C(O3)CO)O)O)O)O)O
UDP-glucuronate	C1=CN(C(=O)NC1=O)C2C(C(C(O2)COP(=O)(O)OP(=O)(O)OC3C(C(C(C(O3)C(=O)O)O)O)O)O)O
UDPMurNAc(oyl-L-Ala-D-gamma-Glu-L-Lys-D-Ala-D-Ala)	CC(C(=O)NC(CCC(=O)NC(CCCCN)C(=O)NC(C)C(=O)NC(C)C(=O)O)C(=O)O)NC(=O)C(C)OC1C(C(OC(C1O)CO)OP(=O)(O)OP(=O)(O)OCC2C(C(C(O2)N3C=CC(=O)NC3=O)O)O)NC(=O)C
UMP	C1=CN(C(=O)NC1=O)C2C(C(C(O2)COP(=O)(O)O)O)O
UTP	C1=CN(C(=O)NC1=O)C2C(C(C(O2)COP(=O)(O)OP(=O)(O)OP(=O)(O)O)O)O
Ubiquinol-8	CC1=C(C(=C(C(=C1O)OC)OC)O)CC=C(C)CCC=C(C)CCC=C(C)CCC=C(C)CCC=C(C)CCC=C(C)CCC=C(C)CCC=C(C)C
Ubiquinone-8	CC1=C(C(=O)C(=C(C1=O)OC)OC)CC=C(C)CCC=C(C)CCC=C(C)CCC=C(C)CCC=C(C)CCC=C(C)CCC=C(C)CCC=C(C)C
Undecaprenyl phosphate alpha-L-Ara4N	CC(=CCCC(=CCCC(=CCCC(=CCCC(=CCCC(=CCCC(=CCCC(=CCCC(=CCCC(=CCCC(=CCOP(=O)(O)OC1C(C(C(CO1)N)O)O)C)C)C)C)C)C)C)C)C)C)C
Undecaprenyl-diphospho-N-acetylmuramoyl-(N-acetylglucosamine)-L-alanyl-D-glutamyl-meso-2,6-diaminopimeloyl-D-alanyl-D-alanine	CC(C(=O)NC(CCC(=O)NC(CCCC(C(=O)O)N)C(=O)NC(C)C(=O)NC(C)C(=O)O)C(=O)O)NC(=O)C(C)OC1C(C(OC(C1OC2C(C(C(C(O2)CO)O)O)NC(=O)C)CO)OP(=O)(O)OP(=O)(O)OCC=C(C)CCC=C(C)CCC=C(C)CCC=C(C)CCC=C(C)CCC=C(C)CCC=C(C)CCC=C(C)CCC=C(C)CCC=C(C)CCC=C(C)C)NC(=O)C
Undecaprenyl-diphospho-N-acetylmuramoyl-(N-acetylglucosamine)-L-alanyl-gamma-D-glutamyl-L-lysyl-D-alanyl-D-alanine	CC(C(=O)NC(CCC(=O)NC(CCCCN)C(=O)NC(C)C(=O)NC(C)C(=O)O)C(=O)O)NC(=O)C(C)OC1C(C(OC(C1OC2C(C(C(C(O2)CO)O)O)NC(=O)C)CO)OP(=O)(O)OP(=O)(O)OCC=C(C)CCC=C(C)CCC=C(C)CCC=C(C)CCC=C(C)CCC=C(C)CCC=C(C)CCC=C(C)CCC=C(C)CCC=C(C)CCC=C(C)C)NC(=O)C
Undecaprenyl-diphospho-N-acetylmuramoyl-L-alanyl-D-glutamyl-meso-2,6-diaminopimeloyl-D-alanyl-D-alanine	
Uridine	C1=CN(C(=O)NC1=O)C2C(C(C(O2)CO)O)O
Uroporphyrinogen I	C1C2=C(C(=C(N2)CC3=C(C(=C(N3)CC4=C(C(=C(N4)CC5=C(C(=C1N5)CC(=O)O)CCC(=O)O)CC(=O)O)CCC(=O)O)CC(=O)O)CCC(=O)O)CC(=O)O)CCC(=O)O
Uroporphyrinogen III	C1C2=C(C(=C(N2)CC3=C(C(=C(N3)CC4=C(C(=C(N4)CC5=C(C(=C1N5)CCC(=O)O)CC(=O)O)CC(=O)O)CCC(=O)O)CC(=O)O)CCC(=O)O)CC(=O)O)CCC(=O)O
Vitamin K	CC1=C(C(=O)C2=CC=CC=C2C1=O)CC=C(C)CCCC(C)CCCC(C)CCCC(C)C
XTP	C1=NC2=C(N1C3C(C(C(O3)COP(=O)(O)OP(=O)(O)OP(=O)(O)O)O)O)NC(=O)NC2=O
Xanthine	C1=NC2=C(N1)C(=O)NC(=O)N2
Xanthomonadin	
Xanthosine	C1=NC2=C(N1C3C(C(C(O3)CO)O)O)NC(=O)NC2=O
Xanthosine 5\'-phosphate	
[Enzyme]-S-sulfanylcysteine	
[Enzyme]-cysteine	
all-trans-Octaprenyl diphosphate	CC(=CCCC(=CCCC(=CCCC(=CCCC(=CCCC(=CCCC(=CCCC(=CCOP(=O)(O)OP(=O)(O)O)C)C)C)C)C)C)C)C
alpha,alpha-Trehalose	C(C1C(C(C(C(O1)OC2C(C(C(C(O2)CO)O)O)O)O)O)O)O
alpha,beta-Dihydroxyethyl-TPP	CC1=C(SC(=C(CO)O)N1CC2=CN=C(N=C2N)C)CCOP(=O)(O)OP(=O)(O)O
alpha-D-Galactosyl-(1->4)-beta-D-galactosyl-(1->4)-beta-D-glucosyl-(1<->1)-ceramide	CCCCCCCCCCCCCC=CC(C(COC1C(C(C(C(O1)CO)OC2C(C(C(C(O2)CO)OC3C(C(C(C(O3)CO)O)O)O)O)O)O)O)NC(=O)C)O
alpha-D-Glucopyranosyl-diphospho-ditrans,octacis-undecaprenol	CC(=CCCC(=CCCC(=CCCC(=CCCC(=CCCC(=CCCC(=CCCC(=CCCC(=CCCC(=CCCC(=CCOP(=O)(O)OP(=O)(O)OC1C(C(C(C(O1)CO)O)O)O)C)C)C)C)C)C)C)C)C)C)C
alpha-D-Glucosamine 1-phosphate	C(C1C(C(C(C(O1)OP(=O)(O)O)N)O)O)O
alpha-D-Ribose 1-phosphate	C(C1C(C(C(O1)OP(=O)(O)O)O)O)O
alpha-Isopropylmalate	CC(C)C(CC(=O)O)(C(=O)O)O
alpha-Kdo-(2->4)-alpha-Kdo-(2->6)-[4-P-L-Ara4N]-lipid A	CCCCCCCCCCCCCC(=O)OC(CCCCCCCCCCC)CC(=O)OC1C(C(OC(C1OP(=O)(O)OC2C(C(C(CO2)N)O)O)COC3(CC(C(C(O3)C(CO)O)O)OC4(CC(C(C(O4)C(CO)O)O)O)C(=O)O)C(=O)O)OCC5C(C(C(C(O5)OP(=O)(O)O)NC(=O)CC(CCCCCCCCCCC)O)OC(=O)CC(CCCCCCCCCCC)O)O)NC(=O)CC(CCCCCCCCCCC)OC(=O)CCCCCCCCCCC
alpha-Kdo-(2->4)-alpha-Kdo-(2->6)-[4-P-L-Ara4N]-lipid IVA	CCCCCCCCCCCC(CC(=O)NC1C(C(C(OC1OP(=O)(O)O)COC2C(C(C(C(O2)COC3(CC(C(C(O3)C(CO)O)O)OC4(CC(C(C(O4)C(CO)O)O)O)C(=O)O)C(=O)O)OP(=O)(O)OC5C(C(C(CO5)N)O)O)OC(=O)CC(CCCCCCCCCCC)O)NC(=O)CC(CCCCCCCCCCC)O)O)OC(=O)CC(CCCCCCCCCCC)O)O
beta-1,2,3,4,5,6-Hexachlorocyclohexane	C1(C(C(C(C(C1Cl)Cl)Cl)Cl)Cl)Cl
beta-2,3,4,5,6-Pentachlorocyclohexanol	C1(C(C(C(C(C1Cl)Cl)Cl)Cl)Cl)O
beta-2,3,5,6-Tetrachloro-1,4-cyclohexanediol	C1(C(C(C(C(C1Cl)Cl)O)Cl)Cl)O
beta-Alanine	C(CN)C(=O)O
beta-D-Galactosyl-(1->4)-beta-D-glucosyl-(1<->1)-ceramide	
beta-D-Glucosyl-(1<->1)-ceramide	
cis-1,3-Dichloropropene	C(C=CCl)Cl
cis-2,3-Dehydroacyl-CoA	
cis-2-Hydroxycinnamate	C1=CC=C(C(=C1)C=CC(=O)O)O
cis-2-Methyl-5-isopropylhexa-2,5-dienoyl-CoA	CC(C)C(=C)CC=C(C)C(=O)SCCNC(=O)CCNC(=O)C(C(C)(C)COP(=O)(O)OP(=O)(O)OCC1C(C(C(O1)N2C=NC3=C(N=CN=C32)N)O)OP(=O)(O)O)O
cis-3-Chloro-2-propene-1-ol	C(C=CCl)O
cis-Aconitate	C(C(=CC(=O)O)C(=O)O)C(=O)O
cis-Dec-3-enoyl-[acp]	
cis-beta-D-Glucosyl-2-hydroxycinnamate	C1=CC=C(C(=C1)C=CC(=O)O)OC2C(C(C(C(O2)CO)O)O)O
cyclo-Dopa 5-O-glucoside	C1C(NC2=CC(=C(C=C21)OC3C(C(C(C(O3)CO)O)O)O)O)C(=O)O
cyclo-Dopa-glucuronylglucoside	C1C(NC2=CC(=C(C=C21)OC3C(C(C(C(O3)CO)O)O)OC4C(C(C(C(O4)C(=O)O)O)O)O)O)C(=O)O
dADP	C1C(C(OC1N2C=NC3=C(N=CN=C32)N)COP(=O)(O)OP(=O)(O)O)O
dAMP	C1C(C(OC1N2C=NC3=C(N=CN=C32)N)COP(=O)(O)O)O
dATP	C1C(C(OC1N2C=NC3=C(N=CN=C32)N)COP(=O)(O)OP(=O)(O)OP(=O)(O)O)O
dCDP	C1C(C(OC1N2C=CC(=NC2=O)N)COP(=O)(O)OP(=O)(O)O)O
dCMP	C1C(C(OC1N2C=CC(=NC2=O)N)COP(=O)(O)O)O
dCTP	C1C(C(OC1N2C=CC(=NC2=O)N)COP(=O)(O)OP(=O)(O)OP(=O)(O)O)O
dGDP	C1C(C(OC1N2C=NC3=C2N=C(NC3=O)N)COP(=O)(O)OP(=O)(O)O)O
dGMP	C1C(C(OC1N2C=NC3=C2N=C(NC3=O)N)COP(=O)(O)O)O
dGTP	C1C(C(OC1N2C=NC3=C2N=C(NC3=O)N)COP(=O)(O)OP(=O)(O)OP(=O)(O)O)O
dIDP	C1C(C(OC1N2C=NC3=C2N=CNC3=O)COP(=O)(O)OP(=O)(O)O)O
dITP	C1C(C(OC1N2C=NC3=C2N=CNC3=O)COP(=O)(O)OP(=O)(O)OP(=O)(O)O)O
dTDP	CC1=CN(C(=O)NC1=O)C2CC(C(O2)COP(=O)(O)OP(=O)(O)O)O
dTDP-4-dehydro-beta-L-rhamnose	CC1C(=O)C(C(C(O1)OP(=O)(O)OP(=O)(O)OCC2C(CC(O2)N3C=C(C(=O)NC3=O)C)O)O)O
dTDP-4-oxo-6-deoxy-D-glucose	CC1C(=O)C(C(C(O1)OP(=O)(O)OP(=O)(O)OCC2C(CC(O2)N3C=C(C(=O)NC3=O)C)O)O)O
dTDP-L-rhamnose	CC1C(C(C(C(O1)OP(=O)(O)OP(=O)(O)OCC2C(CC(O2)N3C=C(C(=O)NC3=O)C)O)O)O)O
dTDP-glucose	CC1=CN(C(=O)NC1=O)C2CC(C(O2)COP(=O)(O)OP(=O)(O)OC3C(C(C(C(O3)CO)O)O)O)O
dTMP	CC1=CN(C(=O)NC1=O)C2CC(C(O2)COP(=O)(O)O)O
dTTP	CC1=CN(C(=O)NC1=O)C2CC(C(O2)COP(=O)(O)OP(=O)(O)OP(=O)(O)O)O
dUDP	C1C(C(OC1N2C=CC(=O)NC2=O)COP(=O)(O)OP(=O)(O)O)O
dUMP	C1C(C(OC1N2C=CC(=O)NC2=O)COP(=O)(O)O)O
dUTP	C1C(C(OC1N2C=CC(=O)NC2=O)COP(=O)(O)OP(=O)(O)OP(=O)(O)O)O
di-trans,poly-cis-Undecaprenyl diphosphate	
di-trans,poly-cis-Undecaprenyl phosphate	
e-Biomass	
e-Biomass_e-Biomass_null	
e-Cofactor	
e-DNA	
e-LPS	
e-Lipid	
e-Peptidoglycan	
e-Protein	
e-RNA	
epsilon-Caprolactone	C1CCC(=O)OCC1
gamma-Glutamyl-beta-aminopropiononitrile	C(CNC(=O)CCC(C(=O)O)N)C#N
gamma-Glutamyl-beta-cyanoalanine	C(CC(=O)NC(CC#N)C(=O)O)C(C(=O)O)N
gamma-L-Glutamyl-L-2-aminobutyrate	CCC(C(=O)O)NC(=O)CCC(C(=O)O)N
gamma-L-Glutamyl-L-cysteine	C(CC(=O)NC(CS)C(=O)O)C(C(=O)O)N
meso-2,6-Diaminoheptanedioate	C(CC(C(=O)O)N)CC(C(=O)O)N
myo-Inositol	C1(C(C(C(C(C1O)O)O)O)O)O
myo-Inositol 4-phosphate	C1(C(C(C(C(C1O)O)OP(=O)(O)O)O)O)O
myo-Inositol phosphate	
sn-Glycerol 3-phosphate	C(C(COP(=O)(O)O)O)O
tRNA(Ala)	
tRNA(Arg)	
tRNA(Asn)	
tRNA(Asp)	
tRNA(Cys)	
tRNA(Gln)	
tRNA(Glu)	
tRNA(Gly)	
tRNA(His)	
tRNA(Ile)	
tRNA(Leu)	
tRNA(Lys)	
tRNA(Met)	
tRNA(Phe)	
tRNA(Pro)	
tRNA(Ser)	
tRNA(Thr)	
tRNA(Trp)	
tRNA(Tyr)	
tRNA(Val)	
trans,trans-Farnesyl diphosphate	CC(=CCCC(=CCCC(=CCOP(=O)(O)OP(=O)(O)O)C)C)C
trans-1,3-Dichloropropene	C(C=CCl)Cl
trans-2,3-Dehydroacyl-CoA	
trans-2,3-Dehydroacyl-[acyl-carrier protein]	
trans-2-Enoyl-OPC4-CoA	CCC=CCC1C(CCC1=O)CC=CC(=O)SCCNC(=O)CCNC(=O)C(C(C)(C)COP(=O)(O)OP(=O)(O)OCC2C(C(C(O2)N3C=NC4=C(N=CN=C43)N)O)OP(=O)(O)O)O
trans-2-Enoyl-OPC6-CoA	CCC=CCC1C(CCC1=O)CCCC=CC(=O)SCCNC(=O)CCNC(=O)C(C(C)(C)COP(=O)(O)OP(=O)(O)OCC2C(C(C(O2)N3C=NC4=C(N=CN=C43)N)O)OP(=O)(O)O)O
trans-2-Enoyl-OPC8-CoA	CCC=CCC1C(CCC1=O)CCCCCC=CC(=O)SCCNC(=O)CCNC(=O)C(C(C)(C)COP(=O)(O)OP(=O)(O)OCC2C(C(C(O2)N3C=NC4=C(N=CN=C43)N)O)OP(=O)(O)O)O
trans-2-Methyl-5-isopropylhexa-2,5-dienoyl-CoA	CC(C)C(=C)CC=C(C)C(=O)SCCNC(=O)CCNC(=O)C(C(C)(C)COP(=O)(O)OP(=O)(O)OCC1C(C(C(O1)N2C=NC3=C(N=CN=C32)N)O)OP(=O)(O)O)O
trans-3-Chloro-2-propene-1-ol	C(C=CCl)O
trans-Dec-2-enoyl-CoA	CCCCCCCC=CC(=O)SCCNC(=O)CCNC(=O)C(C(C)(C)COP(=O)(O)OP(=O)(O)OCC1C(C(C(O1)N2C=NC3=C(N=CN=C32)N)O)OP(=O)(O)O)O
trans-Dec-2-enoyl-[acp]	
trans-Dodec-2-enoyl-[acp]	
trans-Hex-2-enoyl-CoA	CCCC=CC(=O)SCCNC(=O)CCNC(=O)C(C(C)(C)COP(=O)(O)OP(=O)(O)OCC1C(C(C(O1)N2C=NC3=C(N=CN=C32)N)O)OP(=O)(O)O)O
trans-Hex-2-enoyl-[acp]	
trans-Hexadec-2-enoyl-CoA	CCCCCCCCCCCCCC=CC(=O)SCCNC(=O)CCNC(=O)C(C(C)(C)COP(=O)(O)OP(=O)(O)OCC1C(C(C(O1)N2C=NC3=C(N=CN=C32)N)O)OP(=O)(O)O)O
trans-Hexadec-2-enoyl-[acp]	
trans-Oct-2-enoyl-CoA	CCCCCC=CC(=O)SCCNC(=O)CCNC(=O)C(C(C)(C)COP(=O)(O)OP(=O)(O)OCC1C(C(C(O1)N2C=NC3=C(N=CN=C32)N)O)OP(=O)(O)O)O
trans-Oct-2-enoyl-[acp]	
trans-Tetradec-2-enoyl-CoA	CCCCCCCCCCCC=CC(=O)SCCNC(=O)CCNC(=O)C(C(C)(C)COP(=O)(O)OP(=O)(O)OCC1C(C(C(O1)N2C=NC3=C(N=CN=C32)N)O)OP(=O)(O)O)O
trans-Tetradec-2-enoyl-[acp]	
	
